cz,population,stateabbrv,state_id,total_exposure_effect_p25,african_american_share,poor_share,racial_segregation,income_segregation,gini99,school_exp_pc,dropout_r,singleparent_share,median_house_value,perm_res_rank_p25
100,576081,"TN","Tennessee",-8.322355,.0208408,.14045,.0903837,.0348657,.33345,5.1845472,-.0152656,.1898032,113443.3433,42.26698
200,227816,"TN","Tennessee",-.8678237,.0197791,.1461972,.093153,.0262809,.32828,4.5058856,-.0235207,.185106,122933.19,42.64955
301,66708,"TN","Tennessee",8.569037,.0146459,.270661,.0642501,.0240811,.33404,5.614119,-.0046291,.2110027,82250.72537,42.44334
302,727600,"TN","Tennessee",-1.098794,.0563648,.1300672,.2099943,.0921036,.35752,4.8998462,-.0110711,.2056023,126013.1016,42.00761
401,493180,"NC","North Carolina",-8.853184,.173531,.1080807,.262388,.0718667,.34636,5.4626763,.0229661,.2204709,143681.8974,40.24208
402,92753,"VA","Virginia",-9.404085,.2238095,.132409,.1365256,.0237311,.33768,5.7398601,,.2408851,99081.31936,41.30234
500,1055133,"NC","North Carolina",-6.939209,.2175593,.1117546,.220065,.0676532,.3413,5.0077963,.0155281,.2366055,136818.2934,39.23018
601,90016,"NC","North Carolina",4.734275,.0319277,.1228724,.1140964,.0118961,.31958,5.2960907,.0210332,.1652012,119797.407,42.56459
602,64676,"VA","Virginia",-21.70887,.0289597,.1420254,.1311975,.0054097,.26915,5.3766793,,.1668024,95959.00743,45.66618
700,354533,"SC","South Carolina",-4.669636,.2074983,.1257592,.1394965,.0451206,.34069,5.4214951,,.246103,116802.482,39.83393
800,413331,"NC","North Carolina",-8.037956,.1377782,.1161881,.1336746,.0380789,.31426,5.2506508,.0295279,.2139188,118714.9002,39.19394
900,1423942,"NC","North Carolina",-4.956286,.2273302,.0964086,.2233193,.0983462,.36011,5.673504,.0229497,.2192885,165916.779,39.01054
1001,77361,"NC","North Carolina",17.20228,.0218586,.1839939,.0764024,.0307025,.34435,5.2640922,.0126772,.1673808,149256.6141,44.08109
1002,164760,"NC","North Carolina",-7.71432,.0473598,.1178257,.1165366,.0123042,.27304,4.9263511,.0177869,.1785387,109955.7652,41.95121
1100,375363,"NC","North Carolina",-.1464186,.0908667,.0905953,.1340848,.0375131,.31654,5.2049369,.0260965,.1901945,137838.8294,40.61442
1201,44861,"NC","North Carolina",-13.8562,.0104991,.1211513,.044338,.0106465,.3105,5.1994378,.0339402,.1660463,141831.9072,44.64303
1202,54082,"NC","North Carolina",13.84487,.0143486,.1659851,.3260307,.016147,.31979,5.6222155,.0221565,.2168407,129447.3753,45.6209
1203,398505,"NC","North Carolina",-8.496171,.0503331,.1110536,.1681984,.0357234,.33097,5.6491172,.0243601,.203271,158120.8806,42.52039
1204,59681,"NC","North Carolina",-3.434468,.0093497,.1340711,.050597,.0077435,.28912,5.1672161,.0165893,.1656641,137143.781,45.50079
1301,71586,"SC","South Carolina",1.043089,.3995614,.2086626,.0765086,.009886,.32734,5.4929564,.0186959,.316179,81744.11458,37.42469
1302,548986,"SC","South Carolina",-4.103094,.3407701,.1704115,.2013288,.0467402,.41499,5.7098479,-.0175,.294691,128373.2305,38.12139
1400,644101,"NC","North Carolina",-4.820974,.2985355,.1586815,.1732933,.0519758,.3479,4.8660187,.0238465,.2758113,117319.6199,36.95671
1500,361559,"NC","North Carolina",-7.623477,.2103861,.1518868,.1547628,.0638425,.39727,5.378793,.0204222,.2534681,158151.0814,38.36525
1600,216840,"NC","North Carolina",1.452223,.4158873,.1673181,.1694319,.0531913,.40147,5.0841433,.0352765,.291425,115699.3684,37.30062
1701,1412127,"NC","North Carolina",-5.557373,.2301592,.1073191,.15935,.0987872,.33098,5.7296797,,.2106337,188910.9327,39.68364
1702,62926,"NC","North Carolina",-11.33637,.4993167,.2017338,.0949566,.0335116,.3695,5.4317725,.0420721,.3394238,108830.2213,36.89247
1800,222553,"NC","North Carolina",-1.078395,.3110135,.1610819,.1132062,.025556,.34623,4.7863838,.0152138,.2502053,109293.4765,40.65791
1900,536909,"NC","North Carolina",5.957801,.2561123,.1539724,.1355732,.049144,.34851,5.0227455,.023776,.2434292,127224.1318,39.84047
2000,1119468,"VA","Virginia",-3.194582,.3082009,.1125722,.1892905,.1108495,.34327,5.8974505,,.2608933,146902.7398,40.17352
2100,124216,"NC","North Carolina",.7478907,.287636,.1704282,.1584182,.0371429,.36473,5.7228083,.0256421,.2618759,124964.4529,39.67907
2200,158234,"VA","Virginia",.2544113,.3982646,.1702943,.0266242,.0079589,.32794,5.3894495,-.0033893,.2659581,101445.0338,40.82624
2300,228616,"VA","Virginia",-1.807662,.1807004,.1137189,.1321962,.0497411,.32082,5.2625093,,.2300818,133388.4572,42.03666
2400,1040192,"VA","Virginia",-.2131488,.3025393,.0929219,.2567327,.119407,.34524,5.9192279,,.2593909,151892.4325,40.06872
2500,570854,"VA","Virginia",1.285835,.315797,.105895,.1806059,.0867617,.32982,5.9655772,,.2661621,154104.7398,41.04534
2600,139055,"NC","North Carolina",6.692094,.5668333,.2156456,.1043743,.0111188,.35324,5.3561865,.0121427,.3497986,85357.86539,38.18206
2700,458674,"MS","Mississippi",-1.994919,.1821642,.147525,.1811449,.0355859,.34416,4.6269806,.0022829,.2436816,110500.8625,42.43461
2800,120505,"MS","Mississippi",2.558114,.3181445,.2083771,.1379339,.0154957,.37587,4.4288043,.001171,.2580558,76138.13571,43.09385
2900,157181,"MS","Mississippi",-7.237138,.2976568,.2071816,.2198237,.0618231,.39587,4.2610384,-.0054148,.2687656,95157.23558,41.4007
3001,41270,"MS","Mississippi",-8.956404,.5979162,.3185766,.135331,.0273335,.35544,4.3364673,-.0251,.3942646,63372.44661,38.54013
3002,39355,"MS","Mississippi",-11.43553,.5851607,.3376934,.1382499,.0253652,.43003,4.6642355,.0411214,.4012987,70892.43802,36.17935
3003,546560,"MS","Mississippi",-6.511446,.4445331,.1746699,.2884704,.1001121,.42514,4.6183054,.0049753,.3029724,109557.2996,38.18758
3101,103602,"MS","Mississippi",-5.639741,.4430706,.263202,.0830179,.012882,.38591,4.3975878,.0105936,.3082144,76124.29559,41.94405
3102,46424,"MS","Mississippi",-10.72252,.3024298,.1929487,.0979419,.0144857,.35601,4.3379852,.0163602,.2404101,82731.27015,44.03294
3201,25202,"LA","Louisiana",1.036535,.1854615,.2287128,.1446667,.0072198,.33045,4.5082671,.01393,.1908976,68440.00374,50.9176
3202,69653,"MS","Mississippi",3.110673,.4635694,.275439,.1936227,.0395193,.42849,4.6449846,.0122126,.3500577,74995.16937,40.2013
3203,84943,"MS","Mississippi",-5.228085,.5634955,.2510775,.2386226,.0654824,.41434,4.4916357,.0301356,.3711506,90427.98491,36.62123
3300,1381652,"LA","Louisiana",-7.82765,.3708242,.1857542,.3544913,.1043814,.44709,5.09836,.0528354,.3118386,133024.3838,40.58131
3400,271365,"LA","Louisiana",2.385907,.1991856,.1937811,.1769474,.0398886,.34877,4.0855281,.0380893,.2144372,104789.3106,45.84698
3500,806561,"LA","Louisiana",-7.327535,.3326568,.1783402,.2916667,.0836604,.40043,4.7925516,.0407283,.2657032,127021.1704,41.29689
3600,186516,"LA","Louisiana",-9.621977,.2824583,.2179813,.2631163,.0566732,.40815,4.5870906,.0416888,.2807912,90820.72701,42.48868
3700,335960,"LA","Louisiana",6.482526,.2051256,.1614602,.2385457,.0468194,.33998,4.8538678,.0138095,.2246103,98259.94471,45.63534
3800,548154,"LA","Louisiana",.6727407,.2701777,.2208934,.1936142,.0591666,.40313,4.3349224,.0307528,.2583098,104074.4933,44.50418
3901,253878,"LA","Louisiana",6.831905,.3367011,.2249891,.3196903,.0701661,.41438,4.6234394,.0459605,.3068341,92426.24191,39.43395
3902,21735,"LA","Louisiana",,.3962273,.3057989,.266238,.0242997,.3714,4.3997719,.0547513,.3165829,57366.32761,40.76457
4001,34162,"AR","Arkansas",-3.058828,.3603712,.2166012,.0712852,.0223452,.37093,4.7588844,-.0004032,.2772831,66969.59503,39.80156
4002,499101,"LA","Louisiana",2.960895,.3812555,.206827,.236987,.0832982,.40826,4.6550033,.0485703,.3268263,97648.97555,39.67918
4003,74800,"LA","Louisiana",9.422481,.3545989,.2386843,.2065351,.0400257,.39607,4.6390685,.0197922,.2866296,87053.85795,41.38519
4004,23459,"LA","Louisiana",,.1676968,.2150397,.1600518,.0179364,.34114,4.4580201,.0268245,.2362319,81846.2,45.93246
4101,24209,"AR","Arkansas",,.268743,.1748547,.0538631,.0112534,.36567,4.6432532,.0085609,.2245789,74248.1,42.11649
4102,168122,"AR","Arkansas",7.197568,.4208908,.2184061,.2375423,.0459956,.37095,5.002205,.0091064,.3169288,72296.75926,38.82984
4103,89373,"AR","Arkansas",19.61597,.3436384,.1887474,.0933336,.0221457,.35495,4.7253557,.0054867,.2704004,68361.38692,40.5247
4200,630854,"AR","Arkansas",1.90528,.2067547,.1218566,.2781138,.0726473,.36688,5.3646824,.006978,.2465989,114554.682,40.78178
4301,40542,"AR","Arkansas",10.9359,.2489024,.1970336,.1133922,.0180924,.34854,4.6728395,.0128819,.2744706,70817.37719,42.20928
4302,94324,"AR","Arkansas",21.25874,.0876765,.1587654,.1350294,.0269893,.34588,4.5325458,.0070126,.1966913,82890.89369,45.77492
4401,144931,"KY","Kentucky",5.108611,.0128268,.2847472,.1053509,.0283786,.37666,6.0147108,.0161044,.2007874,86538.09744,43.09743
4402,116256,"KY","Kentucky",16.59692,.0273964,.2064958,.1052819,.0506054,.34484,5.9322905,-.0026519,.2050258,103825.1791,43.92166
4501,49887,"KY","Kentucky",19.42485,.0197847,.3287424,.1574551,.0111309,.34402,6.7842424,.0298478,.1986945,65331.75248,43.39317
4502,117919,"KY","Kentucky",23.36958,.0136534,.3029364,.0957294,.0139384,.35045,6.4418161,.0103452,.1917449,59172.37819,47.08729
4601,83451,"KY","Kentucky",-.9820843,.0242777,.2178994,.0670128,.0103294,.3091,5.7455738,.0056358,.1906754,81943.23449,46.84821
4602,123981,"KY","Kentucky",18.33183,.0082593,.2328125,.0467136,.0211837,.34972,5.8143764,.0104389,.1913426,84935.53988,43.69169
4701,84168,"MS","Mississippi",-5.901645,.5271481,.2685252,.2232873,.0454371,.40161,4.4806049,.0422883,.3807887,79393.73839,36.13006
4702,141711,"MS","Mississippi",-1.671793,.479377,.2761223,.1406819,.021607,.39089,4.2944768,-.0005083,.3565924,84235.07542,35.68303
4800,146833,"MS","Mississippi",5.969254,.6583261,.3101434,.2184724,.0464035,.4133,4.3444093,.0111936,.4336813,72728.47781,34.05008
4901,198166,"TN","Tennessee",-10.63059,.2735686,.146653,.2231708,.0647912,.34493,4.9654463,-.0086267,.2694692,100662.5921,39.17291
4902,92131,"TN","Tennessee",-10.14175,.287699,.1814651,.1602823,.0181173,.32304,4.9508521,-.005138,.3000812,90790.97315,38.83673
4903,44884,"TN","Tennessee",-17.07888,.0572587,.138412,.0782943,.0106536,.25451,3.9201511,-.0219051,.1942088,90547.34838,47.00539
5000,197774,"MS","Mississippi",.6712595,.2405877,.1526039,.1234066,.0222542,.34235,4.3524476,-.0084809,.2462136,93177.38871,40.00634
5100,129508,"MS","Mississippi",-.0906669,.0785048,.165041,.1275759,.0132364,.30298,4.3293422,-.0162105,.1953044,82663.49319,44.06789
5201,54214,"MS","Mississippi",11.69763,.1846202,.1582611,.0877871,.0108396,.29436,4.1114087,-.0135597,.1958178,82862.93716,44.5088
5202,1154338,"TN","Tennessee",-2.41811,.4319281,.1519546,.3596896,.1374757,.41544,4.7678803,.0198577,.321948,123388.0722,36.06001
5300,138746,"AR","Arkansas",-2.44714,.4709757,.2680284,.1993571,.0454246,.37707,4.632227,.0241037,.3677946,79778.32349,36.94503
5401,164944,"KY","Kentucky",-.9924603,.0718668,.1548306,.1225152,.0503657,.3334,5.924689,-.008198,.2028652,116468.8403,44.04199
5402,92394,"KY","Kentucky",-5.530396,.0373942,.1969342,.0709323,.0195943,.31637,5.6195842,-.006104,.1849328,88518.29582,45.85157
5500,159374,"TN","Tennessee",-9.34896,.103643,.1152955,.1129679,.0410635,.29583,4.217412,-.0103593,.1987831,115617.0223,43.16531
5600,1246338,"TN","Tennessee",-.822995,.1527258,.1025735,.2494789,.1029113,.32673,5.0880014,.0144724,.2232894,169388.3087,41.27273
5700,130610,"TN","Tennessee",-11.29191,.0546742,.1343755,.0934113,.0171915,.31708,4.6687138,-.0123547,.1955378,108796.7114,44.15754
5800,138212,"TN","Tennessee",-13.83659,.0624765,.126262,.0833239,.020736,.30935,4.4407611,-.0133664,.205591,103308.981,44.33381
5900,252059,"TN","Tennessee",4.623208,.1788946,.1222123,.1333275,.0561459,.28521,5.2979356,-.0042348,.2033385,105559.135,41.68494
6000,519583,"AL","Alabama",-4.433942,.1743591,.1165559,.2253229,.0889056,.3373,5.1402501,-.0063345,.2040042,127007.9349,41.89289
6100,304068,"AL","Alabama",-3.641915,.0637357,.1499197,.2651467,.0310089,.33162,4.591274,.0090095,.1975998,97817.64405,45.40647
6200,230941,"AL","Alabama",-8.643364,.0898758,.1506871,.195868,.037123,.3303,4.8619576,-.0069056,.1963332,100781.8544,45.23975
6301,84309,"TN","Tennessee",10.05843,.021694,.1595238,.0635268,.0110214,.31391,4.0851313,-.0152349,.1983959,99550.34486,43.48937
6302,98362,"TN","Tennessee",13.07629,.0113255,.1649927,.083495,.0276881,.33712,5.8422506,-.026804,.1779069,113413.2501,45.90951
6401,490863,"TN","Tennessee",-.483863,.1344347,.1239315,.3354933,.0751186,.35673,4.8253305,.0259792,.2283894,118413.5312,40.41629
6402,104194,"TN","Tennessee",8.482213,.0104996,.1642081,.0760119,.0221304,.31796,4.4176419,-.0036557,.1971794,107229.4766,45.49932
6501,43254,"GA","Georgia",-15.78853,.0016877,.1241716,.1101119,.008562,.33116,5.1932599,.0208401,.1576098,121096.3984,44.11361
6502,203077,"TN","Tennessee",4.004296,.0329185,.1378353,.0746073,.0356632,.3233,4.2507268,-.0135378,.1836952,113359.0891,43.05629
6600,418304,"GA","Georgia",-5.667295,.0778142,.1226671,.181216,.033903,.32819,5.3244335,.0347992,.1801528,114256.4388,42.0924
6700,2395997,"FL","Florida",-2.75444,.0990765,.1115147,.2317798,.0802947,.38148,6.2278018,-.0010604,.251904,124793.2287,42.1893
6800,598228,"FL","Florida",-2.414162,.1247585,.137795,.1712883,.0534333,.35469,5.5694132,.0246154,.240075,107598.0589,43.06432
6900,763795,"FL","Florida",-5.177641,.0581478,.0928787,.2138762,.0670332,.36368,6.456885,.0039889,.229526,152828.7598,42.81988
7000,3955969,"FL","Florida",-.4126317,.1911066,.1514921,.330481,.1052385,.44351,6.8953883,.0057197,.2576536,171512.9101,43.27627
7100,1533306,"FL","Florida",-5.250278,.1286175,.1076591,.2479631,.1024742,.40225,6.8519079,-.0081234,.2264943,170932.1831,41.54379
7200,692265,"FL","Florida",-2.422153,.0563643,.0992122,.2634515,.0784028,.40421,6.8957333,.0231182,.2152711,173918.3282,43.16774
7300,589177,"FL","Florida",-4.426975,.081826,.0943974,.143526,.0705573,.32637,5.6280931,-.0151621,.2267321,128248.6098,42.35744
7400,1697906,"FL","Florida",-3.770064,.1332771,.1076635,.1811229,.0829128,.38203,5.6949788,.0040546,.2313707,144820.2586,42.16062
7500,563598,"FL","Florida",-6.97598,.1003783,.1252674,.1955437,.0484383,.34675,5.830892,-.0252629,.2489166,118563.9371,42.10208
7600,1176696,"FL","Florida",1.003163,.2129964,.1079845,.2227334,.0880861,.3399,5.3530667,.0319007,.2519287,135078.3982,40.81086
7700,149695,"FL","Florida",.4451484,.2055513,.1818169,.1176934,.0142915,.32613,5.5922385,-.0094819,.2462587,90090.34182,42.52174
7800,377001,"FL","Florida",3.43377,.0850979,.1263462,.1577735,.0258673,.36055,5.3437426,-.0034109,.2461564,109875.5588,42.69541
7900,320199,"FL","Florida",.8811511,.1747757,.2087489,.1373239,.1009689,.38461,5.8966173,.0160543,.2761212,121470.3511,41.49478
8000,209914,"SC","South Carolina",-3.929281,.4398277,.1690577,.133779,.0521532,.35753,5.4287144,-.008809,.2855749,105840.3438,38.71457
8100,722201,"SC","South Carolina",-3.274689,.3671388,.137206,.2151059,.0875351,.39289,5.9472188,-.0067513,.2791911,127342.3619,38.60102
8201,72733,"SC","South Carolina",-1.248213,.5508916,.2471652,.0836573,.0112802,.35228,5.5944357,-.0170455,.3532242,81525.60103,37.8033
8202,587297,"SC","South Carolina",-1.600278,.313579,.1449951,.1568738,.0815968,.37911,5.0421361,-.0057505,.2766251,152015.8963,40.18567
8300,894291,"SC","South Carolina",-6.676523,.1809076,.119379,.1761965,.0659862,.35646,5.1453939,-.0098404,.2294534,131339.8015,40.52285
8401,525842,"GA","Georgia",-4.718445,.357035,.1583762,.1649667,.0895191,.38956,5.2136505,.0109315,.291062,116558.71,37.86683
8402,35518,"GA","Georgia",-7.078593,.4238696,.1928475,.0213827,.0189149,.37877,5.3941744,.0366505,.3155235,102974.5765,37.39535
8501,27415,"GA","Georgia",-3.958988,.3001277,.2066569,.0820122,.0160071,.39889,5.4745257,.0493746,.290677,79830.92485,40.17825
8502,42098,"GA","Georgia",5.753723,.4342487,.2589235,.047384,.0102511,.39993,5.9452632,.0676724,.3687669,89061.04072,37.78606
8503,241530,"GA","Georgia",-6.877465,.2916284,.1984006,.168887,.0495914,.39358,5.1769423,.0413585,.2732935,102938.4403,38.81553
8601,113122,"GA","Georgia",-10.86807,.2323598,.2040722,.1131877,.029115,.37751,5.8886217,.0469571,.2403755,80940.64648,40.83115
8602,93044,"GA","Georgia",-14.73865,.2392524,.1563526,.2114739,.07637,.41204,5.7766325,.0539351,.2682216,141874.7941,39.38494
8701,131279,"GA","Georgia",-5.554471,.3367942,.1806514,.0762284,.0196923,.30091,5.187929,.0217607,.2305901,99073.94247,40.07328
8702,111346,"GA","Georgia",-6.507108,.3250139,.2489121,.0553738,.0434177,.40164,5.2703247,.0297974,.2791693,98951.06749,38.97971
8800,434615,"GA","Georgia",-3.288938,.3246413,.1371672,.243207,.0987008,.40699,5.8098853,.0381426,.2689354,173315.6142,39.30883
8900,386870,"GA","Georgia",3.83261,.3600176,.1541764,.1934302,.0906247,.3771,5.7039279,.0478454,.301501,113470.7146,37.92202
9001,108438,"GA","Georgia",-8.171776,.2602962,.2098809,.0798559,.0095247,.38759,5.25605,.0265108,.2493361,79533.72761,41.68731
9002,83808,"GA","Georgia",-11.68952,.4402921,.1785666,.1219871,.0339348,.36685,5.5262824,.012911,.3327358,107476.7313,36.08844
9003,74610,"GA","Georgia",-15.80995,.3991556,.2013951,.1116823,.0397581,.39176,6.1417926,.0309421,.3181966,92339.50432,38.00529
9100,3798017,"GA","Georgia",-1.864908,.2967886,.0929291,.3165451,.1125313,.3953,6.3516535,.0255117,.2298234,191244.6056,38.24576
9200,135136,"GA","Georgia",-3.061094,.282508,.1367634,.1317338,.0390527,.34117,4.8301484,.0887108,.2666952,110785.0282,38.7325
9301,212223,"GA","Georgia",-4.145071,.1802161,.179574,.1660594,.0885969,.38517,5.5468091,.0482134,.2298892,149168.306,37.70471
9302,89228,"GA","Georgia",-8.906837,.1742727,.1525209,.0882064,.0124161,.32115,5.1484568,.029071,.2152437,108087.7958,41.72856
9400,272150,"GA","Georgia",-2.026084,.0582216,.1224773,.1996357,.0298511,.33984,5.7350225,.0217851,.1555147,150563.9888,44.65826
9500,148252,"AL","Alabama",11.16181,.2837061,.1704456,.1158112,.0178536,.34659,4.65885,-.0038695,.2598068,94719.60484,40.58944
9600,457299,"GA","Georgia",-4.260738,.1998627,.1381277,.1539657,.0617125,.34556,5.261147,.0123356,.2214141,116186.8704,41.3334
9701,303656,"GA","Georgia",.9900197,.4061438,.1595501,.2346356,.1083153,.37149,5.3648703,.0252694,.3118593,112103.519,37.70255
9702,65826,"GA","Georgia",-6.536117,.4927536,.2234252,.0737225,.0139043,.3871,5.941043,.0725296,.3604468,82095.5517,37.04792
9800,150911,"AL","Alabama",1.8938,.3627171,.2432764,.2766187,.104949,.40617,5.0210004,-.0187637,.3042952,125404.3347,37.98759
9900,426634,"FL","Florida",5.04618,.2854086,.1802342,.1622434,.1220295,.38809,6.1069344,-.0078132,.2825012,127375.9937,40.18584
10000,172606,"FL","Florida",-3.106593,.1131768,.1356933,.1316176,.0459258,.34611,5.8815838,-.0241861,.2434858,123883.7479,43.36655
10101,43992,"GA","Georgia",12.0633,.370431,.2255043,.081653,.0155476,.39946,5.0821609,.040029,.3106429,86943.00306,38.63451
10102,66396,"GA","Georgia",1.152655,.3550063,.1881094,.0982313,.0200287,.43233,5.374589,.0177623,.3013507,101672.4483,39.43031
10200,181765,"GA","Georgia",5.949752,.483597,.2213897,.2424386,.0912544,.42915,5.7422036,.0461849,.3597886,100924.5478,35.9302
10301,61458,"GA","Georgia",3.602937,.5015946,.2669845,.040798,.0196611,.41086,5.5866649,.0096104,.3691294,80811.06525,36.94197
10302,223605,"AL","Alabama",9.258055,.2125489,.1579619,.1423923,.0499653,.37047,4.8221002,.0064656,.2476715,99431.74708,42.08244
10400,157091,"MS","Mississippi",-9.876786,.3442973,.2130753,.2159236,.0525407,.37964,4.3551982,.0138165,.3065367,81290.8081,39.58204
10501,95083,"MS","Mississippi",-.3275356,.4528675,.2365167,.1335201,.0463009,.41457,5.1127221,.0003739,.332285,93043.77955,37.62842
10502,105093,"MS","Mississippi",-1.001922,.400845,.2499572,.0770376,.015068,.39124,4.8017102,.0069474,.3181892,91176.97572,36.89373
10600,161169,"AL","Alabama",-13.76818,.059844,.1648779,.1227738,.0128747,.32627,4.646575,-.0063533,.1819903,85184.52403,46.35267
10700,1038182,"AL","Alabama",-.9834359,.2705701,.1318331,.4199312,.1078153,.4026,5.1387597,-.0032543,.2420239,131751.5572,40.8559
10801,261112,"AL","Alabama",.5508125,.3831728,.2137309,.2715116,.0875914,.41195,4.8623735,-.0003352,.3110788,123887.3271,39.12915
10802,63233,"AL","Alabama",-1.447438,.5890595,.2984394,.1134237,.0260609,.42594,5.2817313,-.0065785,.3721478,80968.19028,38.95468
10900,623252,"FL","Florida",-2.717481,.1371516,.1243718,.1376917,.0606249,.33422,5.4091899,-.0095492,.2405253,126189.6348,42.47762
11001,599405,"AL","Alabama",.7891431,.2892218,.1720241,.3169352,.0767924,.40085,4.5040591,.0001652,.2726896,119099.9414,40.9885
11002,76853,"AL","Alabama",-5.64823,.3587759,.2208941,.1337755,.0218889,.3782,4.6298012,.0042747,.2767434,87127.52853,41.89658
11101,367927,"AL","Alabama",6.318691,.4011421,.1629959,.2645651,.1017572,.41959,4.4237122,.0045687,.3011367,117381.1035,39.1884
11102,80901,"AL","Alabama",8.354529,.2318018,.2073518,.1288224,.0160032,.38238,4.6347242,.0060685,.2615278,80882.62349,45.04704
11201,199334,"VA","Virginia",5.223179,.0368878,.172239,.1323127,.0183968,.34081,5.6179146,-.0147928,.1824109,89190.70537,47.83591
11202,53037,"WV","West Virginia",33.63069,.0640119,.3155833,.2316198,.0191379,.34508,6.8457685,-.0060202,.2087725,45852.24455,49.32263
11203,84011,"VA","Virginia",4.596881,.0131411,.2148693,.068318,.0114586,.34201,5.789604,-.018754,.19433,81777.2849,47.68646
11301,241044,"VA","Virginia",-4.372192,.1523456,.0550916,.0506488,.0531804,.23389,5.5390015,-.0121152,.1583286,181651.9147,45.62109
11302,2512431,"MD","Maryland",-1.358083,.2754225,.0986046,.3562437,.13039,.33373,6.871537,.0173502,.2620896,179690.4456,40.73332
11303,59342,"VA","Virginia",2.036861,.3115669,.1323933,.0459143,.0093083,.37015,4.9964821,,.2509395,148325.1958,41.45653
11304,4632415,"DC","District of Columbia",3.269226,.2669657,.0743063,.2713125,.1273134,.2952,7.6937656,-.0018631,.2145276,256177.8036,45.10487
11401,121919,"MI","Michigan",9.355904,.0132547,.1045897,.088316,.0372097,.25178,5.9614822,,.193054,102844.7586,44.21757
11402,114408,"MI","Michigan",8.271425,.0025872,.0957235,.0514404,.0151868,.24399,6.2377922,-.032648,.1798114,86210.13482,48.7498
11403,57510,"MI","Michigan",28.39226,.0454877,.1248934,.1159541,.0147579,.29812,6.2461468,,.2231593,106538.9097,44.6073
11500,303839,"MI","Michigan",3.220424,.0481373,.0815724,.2098882,.0513102,.26462,5.9984384,,.2052384,132625.6985,42.53734
11600,5327827,"MI","Michigan",-1.840305,.2136385,.1077144,.4741935,.1198831,.29703,7.5823509,,.2486061,177739.0942,38.62368
11700,447728,"MI","Michigan",.0607232,.0793115,.1104332,.1636047,.0801454,.25728,7.6191267,,.2283312,140676.3867,41.95618
11800,136888,"MI","Michigan",.7532624,.0209295,.1630586,.1060235,.0349599,.29491,7.3897337,,.2049444,107042.4552,44.14481
11900,540707,"MI","Michigan",4.742733,.0774874,.1134109,.3249172,.0561162,.31012,6.1931423,,.2276409,116151.7654,42.1174
12001,120045,"MI","Michigan",.6351834,.0238411,.1353961,.1194036,.021838,.29255,6.0585847,,.2049707,105867.0787,44.32048
12002,52801,"MI","Michigan",-13.00632,.0111362,.1069586,.063437,.0198812,.27383,6.0038547,,.2057009,106059.6219,44.75229
12100,509606,"MI","Michigan",.2161876,.0823303,.1093961,.1834902,.0635368,.30341,6.5734104,,.2316293,130995.9799,40.82877
12200,1286045,"MI","Michigan",.4762412,.0640125,.0876756,.2562207,.0657615,.25401,7.2342193,,.1930527,148119.5105,42.91638
12301,154452,"MI","Michigan",-4.86168,.0029977,.0690297,.036123,.0336644,.27646,6.3144046,,.174252,167837.582,45.13713
12302,83975,"MI","Michigan",-5.613026,.0029294,.0910633,.0214668,.0305692,.27436,6.3565746,,.1782819,150943.3028,43.92112
12401,84783,"MI","Michigan",-5.706698,.0027718,.1146085,.0188376,.011943,.28737,5.6835824,,.1843882,104572.4275,44.35692
12402,104421,"MI","Michigan",3.954802,.0038019,.1174498,.0367729,.0269833,.2997,5.917,,.1921165,108556.0537,43.1507
12501,1179009,"OH","Ohio",1.956309,.1164486,.0976203,.3554391,.0795336,.28561,5.7103968,,.233671,131964.1935,41.2766
12502,109851,"OH","Ohio",-2.74702,.0186798,.1019115,.0664012,.0190869,.24975,4.8045086,,.193489,118267.0276,44.26323
12600,104034,"IN","Indiana",-1.45714,.0388238,.1038672,.1195277,.0383036,.28416,7.0672962,,.2194397,106614.7429,41.58723
12701,1954800,"OH","Ohio",.6030639,.1174468,.0971212,.3488255,.1101949,.31435,6.2428228,-.0145165,.2246617,154935.2551,40.78356
12702,52963,"KY","Kentucky",18.56218,.027793,.1944818,.1236606,.0265816,.33845,6.0797678,-.0051802,.172909,83572.7531,44.06472
12800,134026,"IN","Indiana",-15.79814,.0027234,.0787041,.0478078,.038976,.22805,6.149758,,.1520663,137270.0265,49.60849
12901,525970,"KY","Kentucky",9.157246,.0904804,.1202322,.1701666,.0824006,.35192,5.9837197,.0147429,.2234267,137045.5831,40.1567
12902,40195,"KY","Kentucky",17.95137,.0261227,.1939222,.0767791,.0196472,.33201,5.5558036,.0139372,.1931861,98629.00456,42.18226
12903,86667,"KY","Kentucky",15.23169,.0514152,.1519392,.0895608,.0274757,.31922,5.8469308,.0089322,.1946871,106399.9048,44.60248
13000,176597,"KY","Kentucky",.5200446,.0744407,.1237652,.156021,.0265377,.26539,5.6761391,-.0061996,.1910672,108197.4852,47.056
13101,1100767,"KY","Kentucky",2.394601,.1320307,.1089527,.3111657,.1037037,.33401,5.9982554,.0204639,.2496069,138552.5009,40.48171
13102,49985,"IN","Indiana",8.26692,.013464,.1136744,.0324514,.0115471,.28823,6.3407966,.007695,.204947,112339.3196,47.34401
13103,66605,"KY","Kentucky",3.010808,.0678778,.1411612,.092382,.0217714,.26965,6.3170463,-.0017055,.2019817,107700.9981,48.17833
13200,177640,"KY","Kentucky",1.794484,.0325208,.1480718,.1172062,.0493031,.2921,6.0260233,-.0148664,.1915194,96133.52685,46.29392
13300,246623,"OH","Ohio",12.8961,.0147756,.0835085,.0888933,.032108,.21893,5.3546084,,.1849424,117829.4699,47.40562
13400,260393,"OH","Ohio",13.46497,.0520175,.0844347,.2516574,.0477593,.22108,5.1085206,,.174498,114722.3628,48.84978
13501,834343,"OH","Ohio",1.740236,.0973125,.1100952,.2903748,.0783884,.27737,6.1452492,,.2357008,138220.4624,40.84287
13502,98981,"OH","Ohio",9.875782,.0113456,.0620594,.0807299,.015488,.20443,5.0479913,,.1747952,111493.071,48.7958
13600,657906,"IN","Indiana",-4.992041,.1066383,.1041708,.2641505,.0668398,.31126,6.4979,,.2306374,119401.6767,42.06423
13700,372184,"IN","Indiana",4.247254,.0332389,.0858443,.1761856,.0270606,.24388,6.4372174,,.1796967,124232.837,48.44136
13800,129528,"IN","Indiana",3.268711,.0055664,.0674523,.0561148,.0199301,.21345,6.9612357,,.1512259,117158.1856,48.35588
13900,192308,"IN","Indiana",7.742446,.0376271,.0834524,.1501622,.0455711,.25499,6.664884,,.2009436,108611.7773,44.53269
14000,415487,"IN","Indiana",-2.765346,.0579176,.1129962,.2160865,.0618862,.28305,6.6549409,,.2292297,101515.722,41.98406
14100,557161,"IN","Indiana",-1.841393,.067537,.0811474,.2896599,.0751769,.24813,6.4905682,,.2000327,117819.9643,44.21749
14200,1507346,"IN","Indiana",-1.180338,.1408303,.0849052,.332802,.1066178,.32012,6.9911547,,.2256466,154319.8799,40.20847
14300,163284,"IN","Indiana",-.4427546,.0104909,.087569,.0769708,.0484698,.257,6.3407213,,.1745808,125233.1438,45.70826
14400,261832,"IN","Indiana",1.802999,.0346978,.1111722,.1548212,.0421891,.28022,6.449667,,.1974265,99994.93724,45.55365
14500,347966,"IN","Indiana",9.182759,.0364461,.1215855,.2091898,.0721744,.26362,6.3003108,.0207062,.1911577,114479.434,46.60319
14600,280923,"IN","Indiana",10.81029,.0144986,.142746,.1052984,.0632553,.28388,6.0096041,,.1803217,117006.5926,46.84618
14700,388604,"IN","Indiana",7.771105,.0408462,.0892067,.2101122,.0698304,.26277,6.5351319,.0136531,.1881063,112783.8042,46.94694
14801,55642,"IL","Illinois",10.47861,.0019949,.1225094,.0157214,.0146803,.26075,4.3031452,.0066923,.1760283,68075.49729,51.52794
14802,54708,"IN","Indiana",-6.800949,.0154274,.1536725,.0611815,.0337718,.29427,5.7118017,.0354062,.2037351,78297.65081,48.90601
14900,675971,"IN","Indiana",.494088,.1816823,.1051318,.443826,.0803924,.26185,7.0607356,,.2438946,138928.2262,42.42977
15000,700866,"OH","Ohio",3.182655,.043422,.0941569,.1980847,.0538796,.27094,5.5626846,,.1868901,130504.5419,44.75396
15100,423702,"OH","Ohio",.7186092,.0725557,.0879621,.2069804,.0635181,.25522,5.8330387,,.2221571,148799.9997,42.05988
15200,2661167,"OH","Ohio",2.473048,.1749033,.1074523,.4462685,.1147665,.32563,6.9576549,,.2539122,157208.1923,39.87
15300,202967,"WV","West Virginia",-.9169468,.0075283,.1372277,.0437661,.0280329,.29955,5.8510716,-.0032757,.1898296,102793.8727,44.60241
15400,188410,"OH","Ohio",5.054115,.029197,.1371512,.114728,.0274137,.26499,4.9495818,,.2018453,100684.1985,44.53044
15500,132008,"OH","Ohio",2.571722,.0390431,.1345986,.1835821,.0301017,.25696,5.9349836,-.0087273,.2112562,89329.80386,42.98448
15600,195637,"WV","West Virginia",13.32351,.0226593,.1576487,.1510267,.0353017,.29681,6.1389896,-.005995,.2025111,87729.30991,45.84374
15700,225682,"OH","Ohio",-3.411457,.0317172,.1651595,.1600395,.0268342,.30535,4.926901,,.2146433,98237.21881,41.54607
15800,142321,"OH","Ohio",-2.94519,.0181913,.2251977,.0579739,.0303939,.32309,5.3608592,-.0078358,.2011095,98743.14687,43.33237
15900,1663807,"OH","Ohio",-.3160696,.1239633,.1000803,.2687649,.1215471,.31131,6.5311116,,.228384,161664.2748,40.90819
16000,326186,"OH","Ohio",2.618559,.0510108,.1005466,.2310767,.0409369,.25572,5.2480173,,.205936,115513.2319,44.06884
16100,310658,"PA","Pennsylvania",1.293633,.0228161,.1488393,.194962,.05499,.28524,6.9813608,-.0133889,.1531973,110575.0535,49.66238
16200,411749,"PA","Pennsylvania",8.358114,.0173747,.1211887,.1627638,.0380664,.27226,7.1474941,-.0150957,.176762,92421.38651,49.31612
16300,2561364,"PA","Pennsylvania",-1.11946,.0752677,.111307,.3232418,.0805845,.31178,8.1994142,-.0101795,.208554,113459.3949,45.88943
16400,809682,"OH","Ohio",-3.337785,.086445,.1156338,.3382691,.059949,.28417,6.0790927,-.0159304,.2307676,106610.746,42.75764
16500,659098,"PA","Pennsylvania",4.5267,.0337765,.1271975,.2104349,.0496277,.28673,7.6422806,-.0077785,.2127741,98473.14513,44.97013
16600,468038,"VA","Virginia",-.0143872,.0910396,.1297448,.2251579,.0656965,.33163,6.2078098,-.0017101,.2108027,133990.5092,43.15238
16701,60271,"WV","West Virginia",-27.30549,.0074331,.1906863,.049625,.0091137,.30719,5.9786737,-.0170616,.1684822,87153.58275,47.1802
16702,259942,"WV","West Virginia",7.067453,.0226551,.1911117,.107982,.0518519,.32843,6.5072339,-.0081272,.1890678,97259.37638,45.55362
16703,40323,"WV","West Virginia",38.45011,.004092,.1998185,.0415948,.0112795,.32807,6.2383529,-.0111376,.1806891,89708.91501,48.47752
16801,174251,"WV","West Virginia",13.27451,.0613311,.1977529,.1211147,.0147877,.33052,6.0989492,-.0024534,.2173999,85324.64239,46.5472
16802,58143,"WV","West Virginia",27.86204,.003027,.2282057,.0430547,.0105592,.3142,6.0653072,-.0083496,.1751347,77408.35935,48.54887
16901,347345,"WV","West Virginia",4.780729,.0440801,.1649825,.1770377,.056624,.3465,6.2542795,.0057984,.2097206,106554.9304,44.50104
16902,23028,"WV","West Virginia",,.001737,.2342275,.0111671,.007175,.28668,6.7169559,.0014745,.1632653,71390.90037,50.33641
17000,204354,"KY","Kentucky",16.03256,.0078296,.2832083,.1030935,.0167024,.36604,6.4602416,.0011022,.1862087,81041.95061,47.39272
17100,344380,"KY","Kentucky",5.628062,.0211336,.1860166,.1435316,.042505,.3553,6.4361312,.0012354,.208499,94515.37966,42.95412
17200,174641,"VA","Virginia",-2.05663,.0240551,.1335495,.1073524,.0340302,.29109,5.4988292,-.0056339,.1628478,137444.1543,49.02137
17300,188559,"VA","Virginia",6.831973,.071288,.0954186,.0792714,.0305326,.28782,6.0034093,,.1965487,125857.4775,45.45236
17400,408535,"PA","Pennsylvania",-4.586278,.0471906,.0943842,.1643108,.0353867,.26365,6.2882127,.0068705,.1859257,139796.9454,46.65751
17501,155822,"MD","Maryland",-6.673141,.032627,.1443711,.149041,.0237114,.29411,6.5533591,-.0056398,.1868789,99950.97866,47.04345
17502,115649,"VA","Virginia",-9.727817,.0432689,.0949974,.1004681,.0417445,.29246,6.3264885,-.0030761,.1716603,150332.8362,46.58618
17600,273489,"VA","Virginia",-7.600894,.1641565,.1120125,.0956682,.0600174,.36611,6.1772861,,.2028417,168127.2677,42.6491
17700,1080612,"NY","New York",4.922353,.0556379,.1249895,.2528398,.0855179,.30059,8.5898313,-.0160598,.2360725,106803.4177,43.89891
17800,161132,"NY","New York",16.69759,.0120771,.1412489,.0534707,.0116563,.30034,9.2838532,-.0209871,.1988838,95207.72797,46.64016
17900,294558,"NY","New York",-9.860914,.0225524,.1196046,.1197632,.062878,.30035,8.0340537,-.0145823,.2089731,102383.9486,45.42093
18000,2369699,"NY","New York",1.679355,.1042086,.1110877,.3418774,.0984246,.28659,9.0799202,-.0155077,.250665,121880.4533,43.17264
18100,346894,"NY","New York",1.111892,.0296748,.1425867,.1575515,.0476172,.30836,8.6697441,-.0020802,.2216057,100080.3727,46.128
18201,197898,"NY","New York",-.4835621,.0104549,.1392023,.1434238,.0159131,.26926,8.3160411,-.0114168,.1973363,76165.00634,47.10969
18202,41086,"PA","Pennsylvania",7.744861,.0016551,.0737616,.0248723,.0157666,.19404,8.3250253,-.0167702,.159271,101045.0171,50.39822
18300,250613,"NY","New York",10.73058,.035465,.148325,.1469816,.0216262,.28512,9.1597201,-.0115518,.1949886,85118.73072,46.87204
18400,169879,"NY","New York",11.70798,.0406113,.1356661,.2848686,.0251768,.28953,9.4329106,-.0076598,.2078537,101624.35,45.50713
18500,110160,"NY","New York",11.55713,.0128722,.122119,.1301448,.0266189,.29873,9.6279433,-.0065402,.2305369,91611.15414,46.01451
18600,1061509,"NY","New York",-3.983079,.0548041,.0943466,.2013209,.0772963,.29903,8.9214312,-.0109139,.2239525,141917.5482,45.01122
18700,191962,"PA","Pennsylvania",3.001338,.0234786,.1061027,.1689581,.042764,.26759,6.5157502,-.0072574,.1709704,106180.5882,49.91872
18800,857487,"PA","Pennsylvania",-.6492206,.0216272,.1051266,.1307754,.0441608,.28762,7.3730204,-.0110218,.1845579,129351.85,47.39113
18900,227275,"PA","Pennsylvania",-8.087907,.0251633,.1213966,.1621834,.0308596,.28118,6.9372737,-.0069982,.1967083,108706.473,48.30319
19000,637958,"PA","Pennsylvania",-1.147029,.0266742,.0874459,.2135316,.0815499,.281,7.4485047,-.0067099,.1862644,150785.1263,47.67311
19100,1114959,"PA","Pennsylvania",3.766279,.0257068,.0854143,.2620462,.0659657,.26184,7.6939654,-.0009594,.1695085,138092.8369,49.3773
19200,1051424,"PA","Pennsylvania",.2271928,.0586776,.0780362,.2783363,.0600823,.25845,7.2562213,-.0022836,.1856111,143267.0638,47.75355
19300,873232,"NY","New York",-6.654722,.0750854,.1025806,.1424096,.069612,.2934,9.0843478,-.0120089,.1834594,182926.7565,44.04589
19400,1.18e+07,"NY","New York",-2.969272,.1962365,.1647089,.3818716,.1316572,.39254,9.9488395,.0126865,.2783723,303739.875,43.93712
19500,1126217,"NJ","New Jersey",.6394153,.0552078,.0660288,.1984975,.1091799,.25261,,-.0116881,.1457356,222539.2274,46.33386
19600,5822286,"NJ","New Jersey",.1590953,.1384369,.0886746,.3231924,.1175982,.32547,,-.0048289,.1897801,277183.4668,44.92485
19700,5602247,"PA","Pennsylvania",.4313873,.1934895,.1115372,.3758175,.1223899,.3383,7.9670385,.007175,.2388297,163431.4319,42.07821
19800,586216,"DE","Delaware",-.1927034,.1756503,.0823223,.2158225,.0914311,.28883,7.5841572,.0055965,.230038,180609.6526,41.27503
19901,439269,"DE","Delaware",-9.967309,.1961827,.1136144,.1305031,.0300176,.34996,6.8351296,.0007055,.254677,150459.0408,41.65191
19902,154018,"MD","Maryland",-15.3265,.1625849,.1011532,.1108221,.0559163,.33521,6.5620468,-.0013471,.2274749,172838.0786,43.22147
19903,51398,"VA","Virginia",-13.45551,.3432235,.1863773,.0843877,.0073812,.36205,5.6375328,.0229453,.2928683,105497.4777,39.6129
20001,289843,"ME","Maine",.5983399,.0033915,.1266937,.065119,.0279642,.30798,6.6693249,-.006934,.207208,122074.9415,44.18224
20002,33941,"ME","Maine",-9.380802,.0023276,.190147,.1958624,.0079454,.31569,7.9879149,-.009287,.2128524,91577.1,41.68935
20003,73938,"ME","Maine",9.02943,.0036382,.14325,.057003,.0084352,.2927,6.8230493,-.027329,.1762027,80246.6,46.46695
20100,690459,"ME","Maine",3.419807,.0063103,.1018665,.0523065,.0537745,.30597,6.8503607,-.0091555,.2112032,142608.8497,45.5785
20200,321496,"VT","Vermont",-2.209267,.0058352,.0925918,.0444371,.0621495,.28897,9.1014912,,.1822324,160140.9716,46.67003
20301,95549,"VT","Vermont",-.8335943,.0022711,.1208202,.0175556,.014152,.27293,7.8248318,,.2076755,101092.3234,48.37616
20302,265884,"VT","Vermont",.8925021,.003825,.0827988,.0409312,.0295862,.2884,8.3518432,,.1928065,137978.5225,47.71162
20401,1582997,"RI","Rhode Island",-1.0605,.0326659,.112836,.2300731,.0894737,.2908,7.2026475,.0077519,.2480018,186213.2191,45.40391
20402,9520,"MA","Massachusetts",,.0822479,.075312,.0354648,.0099844,,8.1643718,,.1790745,769807.5,51.52975
20403,14987,"MA","Massachusetts",,.0230867,.0731263,.0159451,.008261,.29862,,-.0008192,.2105263,405232,43.82598
20500,4974945,"MA","Massachusetts",.7588779,.0537642,.0877719,.2640431,.0925692,.2625,7.889655,.0014706,.2061781,277866.8596,46.50124
20600,1193391,"NH","New Hampshire",-2.038419,.0069617,.0642543,.0796084,.0719669,.25328,6.5461091,.0168559,.1725818,182596.3449,47.28098
20700,118041,"NH","New Hampshire",5.068085,.003897,.0849262,.0236559,.0249812,.22948,8.5130815,.0149893,.1989049,142275.8148,46.2635
20800,680014,"MA","Massachusetts",-4.746713,.0549518,.1305737,.2948173,.0792939,.30659,7.8550541,.0066052,.2863543,163983.2819,44.11654
20901,3405565,"CT","Connecticut",-2.302035,.0867906,.0786307,.2685782,.1167915,.27355,8.8876934,,.217308,246074.9959,44.7422
20902,171947,"MA","Massachusetts",-12.84033,.015813,.0958433,.0672207,.0524906,.29903,8.1237798,.0147019,.2378362,155400.7777,44.81874
21001,47701,"WI","Wisconsin",22.14032,.0014884,.110939,.2356286,.0108814,.24927,7.1194642,,.1784885,95473.83388,47.65732
21002,47063,"MI","Michigan",34.04257,.0179547,.1557231,.1244727,.0155903,.25384,6.4342951,,.1916055,74650.51175,46.35883
21003,32049,"MI","Michigan",37.57476,.0095167,.1271247,.1586509,.0124119,.26606,6.9015011,,.2032277,58905.0892,47.24116
21004,67833,"WI","Wisconsin",-2.440937,.0040393,.0842205,.197612,.0133497,.29868,7.8274701,,.1842105,142752.9159,46.58526
21101,92542,"WI","Wisconsin",5.199244,.0022476,.1016174,.1852208,.0072649,.26711,7.3586856,-.0271135,.1780699,107002.6439,49.69028
21102,56993,"WI","Wisconsin",19.8287,.0019301,.0757808,.065718,.0212583,.23348,8.8298115,,.1630085,128762.3531,50.58199
21201,72898,"MN","Minnesota",33.42038,.0016599,.0620357,.0691068,.0111413,.20674,5.951244,-.0204431,.1330125,126907.864,56.48129
21202,33969,"MN","Minnesota",41.31582,.000942,.0822739,.0984333,.0054178,.21439,6.2563237,-.0256885,.1378347,77044.2493,58.89763
21301,149925,"MN","Minnesota",17.82681,.0065633,.0937515,.1130826,.0324662,.20065,6.4643045,-.014255,.1608666,128628.729,54.37432
21302,109871,"MN","Minnesota",10.05949,.0136979,.0662932,.085439,.0249193,.19704,7.0473262,.0023393,.1512102,145850.8924,52.78493
21400,254139,"MN","Minnesota",-1.022825,.0075825,.0748267,.093829,.0563293,.22423,6.503054,-.0133037,.1426004,146828.7952,54.93914
21501,2904389,"MN","Minnesota",2.322921,.0533286,.0675687,.1929339,.1036992,.21881,8.0685559,.0116346,.1871642,188834.4772,47.37703
21502,41526,"MN","Minnesota",1.080399,.008597,.1060504,.098513,.0082288,.24733,6.6128989,.0022076,.1850549,119900.9321,51.83786
21600,141542,"MN","Minnesota",2.608692,.0021054,.1094148,.2257018,.0208223,.30177,6.6872019,.0176627,.1837536,130474.0666,47.8977
21701,228867,"MN","Minnesota",11.12849,.0161142,.0652385,.1122322,.0611947,.21378,6.659872,-.0085756,.1458951,146564.3676,53.64741
21702,71187,"MN","Minnesota",2.483017,.0038069,.0881919,.0880104,.0341543,.22394,6.4794522,.0124602,.1807287,95176.2,52.67849
21801,78179,"IA","Iowa",.5354387,.005206,.0810804,.0315983,.0155588,.23026,5.7947113,-.0256027,.1811285,91954.75975,53.32979
21802,72111,"IA","Iowa",27.27501,.0025239,.0896595,.0473618,.0068983,.21225,5.9257311,-.0254672,.1404949,94201.62927,57.50235
21900,113442,"IA","Iowa",14.27001,.0070697,.0898413,.1743765,.0256116,.21628,6.1549582,-.014687,.1762945,100657.0133,51.92408
22001,222112,"IA","Iowa",10.91721,.0468502,.1086345,.2643205,.0405165,.25263,6.2135153,-.0105508,.1969967,99604.4291,50.85277
22002,29516,"IA","Iowa",.5787591,.0040656,.07966,.0833904,.0092488,.20993,5.9817546,-.0277262,.145868,75301.01691,56.3489
22100,203768,"IA","Iowa",5.49218,.017358,.1170001,.1354909,.0726878,.23841,5.9435408,-.0001043,.1594614,141384.3886,50.80553
22200,252901,"IA","Iowa",7.716892,.0209094,.0652525,.0822505,.0561853,.22814,5.9728983,-.0209752,.1771523,127502.6692,50.17857
22300,142385,"IA","Iowa",16.55027,.0052112,.1058919,.0547726,.0302442,.25123,6.0901569,-.0098194,.1673714,85406.17416,51.34147
22400,195533,"WI","Wisconsin",-4.130713,.0072417,.0555907,.1190754,.0423341,.17475,6.6121815,-.015148,.150107,133077.1729,51.01742
22500,549651,"WI","Wisconsin",5.680783,.0067334,.0582655,.092149,.044753,.195,6.8801827,-.0262791,.1489183,133555.1086,50.90291
22601,310560,"WI","Wisconsin",6.582778,.0086489,.0680636,.1525855,.0667187,.2231,6.8488337,,.1710409,149547.7335,50.1838
22602,65966,"WI","Wisconsin",-15.3371,.0018343,.1007105,.3822947,.0183443,.25341,7.0747193,-.0192174,.1841473,104221.9774,48.55367
22700,370092,"WI","Wisconsin",11.26249,.0026102,.0803268,.0984122,.0388042,.22627,7.1029961,-.0284327,.1453944,117898.4126,52.28765
22800,305307,"WI","Wisconsin",6.766372,.0050998,.1030978,.0863313,.0326742,.24396,7.462386,-.0224784,.1654351,120420.3298,51.91733
22900,220109,"WI","Wisconsin",7.410693,.0059425,.1092467,.0785908,.0488456,.24993,7.258106,-.0259134,.1711584,116842.9725,50.66705
23000,116624,"WI","Wisconsin",.5512125,.0050333,.0896786,.062934,.0184492,.23076,8.2369235,,.1503167,111064.4481,53.64632
23100,590755,"WI","Wisconsin",1.309691,.0304153,.0874347,.1404739,.0902726,.24341,7.9533199,,.1748016,179648.192,48.28316
23200,163189,"IA","Iowa",10.50272,.0051168,.0788703,.0912536,.0345778,.22186,5.5164963,-.0130112,.1480642,115408.3657,55.30389
23301,101161,"IL","Illinois",7.436945,.0159548,.137308,.0712297,.0337012,.28296,4.0335508,.0156582,.1867911,87941.28789,46.23939
23302,101195,"IL","Illinois",-19.99386,.0203864,.1025821,.2227862,.0184171,.24624,4.1648225,-.0150043,.1628346,89088.78025,51.28786
23400,206909,"IL","Illinois",7.561696,.054623,.0940669,.0980767,.0709056,.24141,4.9537699,.0020575,.1825199,138892.4549,47.27314
23500,382083,"IL","Illinois",1.631626,.0945161,.1297852,.2296642,.0988897,.28987,4.5258421,.0114147,.2177692,106977.1918,45.15046
23600,136489,"IA","Iowa",12.56637,.0212252,.098933,.0915095,.0257306,.23496,5.6341386,-.0081708,.1973187,86442.17467,48.66615
23700,145734,"IL","Illinois",14.20279,.0429756,.1236233,.1756904,.0378714,.24666,4.5410031,.0313316,.2108546,81066.32246,46.13186
23801,382351,"IL","Illinois",2.27619,.0554935,.1010922,.1640595,.0576712,.27095,5.2713982,-.0011762,.2262407,111286.1734,44.82841
23802,70445,"IA","Iowa",27.8363,.0134715,.1020715,.0748086,.0262386,.23368,6.0975388,-.0062157,.187751,96377.95353,52.04638
23900,529703,"IL","Illinois",.3739139,.0611984,.0944175,.2700544,.0569548,.26778,4.8313168,.0106406,.2026391,115388.0447,44.47009
24000,584474,"WI","Wisconsin",-3.583251,.0591592,.0788847,.1770711,.0509406,.23654,6.8159172,-.0119627,.2124131,150095.8433,43.75475
24100,1660659,"WI","Wisconsin",.9048738,.1412247,.1012574,.4359436,.1146772,.27984,7.7397096,.0012991,.2454278,175404.1335,41.72882
24200,135167,"IL","Illinois",9.725611,.1195854,.1080448,.337072,.0452474,.26981,4.7849739,.0015385,.2214543,124988.641,45.21832
24300,8183799,"IL","Illinois",-3.604826,.1878835,.1050814,.4312969,.1146743,.32764,6.1479306,.0349777,.2080224,223143.1867,41.00192
24400,622573,"IL","Illinois",-2.829158,.0639058,.0919599,.2051115,.0763295,.2544,5.3633025,.0080205,.1997786,127997.2474,43.87573
24500,111509,"MO","Missouri",12.4327,.0498614,.1437075,.1547473,.0363219,.28399,5.2639704,-.0076359,.176657,95168.54495,47.17191
24600,137456,"MO","Missouri",1.73824,.0146738,.1471708,.1041866,.023416,.27564,4.8626184,-.0038782,.1901286,91285.67045,47.57959
24701,2325609,"MO","Missouri",-.4929909,.1953342,.1009991,.410303,.1127915,.31403,6.3564817,.0038915,.246685,141214.4555,40.82236
24702,37989,"MO","Missouri",-8.107366,.0551212,.1380502,.1026844,.0114319,.25999,5.5358636,.0100353,.1971706,81994.45552,50.81586
24801,84748,"IL","Illinois",11.13771,.0398003,.1054186,.219043,.0294338,.26016,4.4013622,.0072545,.1829876,83333.80133,47.94071
24802,267992,"IL","Illinois",-5.850823,.0782598,.0916779,.2295552,.0869363,.25718,5.0098596,-.0146664,.2279394,114206.9217,43.53727
24900,382997,"IL","Illinois",.9510511,.0568464,.0983406,.2100353,.0450994,.25281,4.4660255,.0089059,.2039007,98805.13207,45.78669
25000,152421,"IL","Illinois",-5.33689,.0372783,.1162583,.0999094,.0356818,.27462,5.0798153,-.0009971,.1943708,91452.89073,48.39738
25101,64068,"AR","Arkansas",2.967172,.001155,.1375462,.0067492,.0049943,.34029,4.8947724,-.0067915,.1904913,107084.4973,46.40827
25102,90551,"MO","Missouri",26.99054,.002297,.2018862,.015978,.0111172,.31759,4.7056089,-.0144963,.1841276,79657.54641,48.70406
25103,76174,"AR","Arkansas",-6.870983,.0010371,.1663825,.1195508,.0152182,.3217,4.8713564,.0016815,.1773665,97941.35878,48.18467
25104,51737,"AR","Arkansas",4.446705,.0017009,.1511279,.0137929,.0132445,.31791,4.8752237,.0213569,.1672801,101640.0252,48.16177
25105,64601,"AR","Arkansas",12.97399,.0148295,.1523318,.0543999,.0185616,.30364,4.9424275,.0012608,.165692,79174.10145,47.52702
25200,151629,"KY","Kentucky",6.248816,.0651986,.1521157,.1038842,.0333286,.30623,5.9437035,.0012421,.2083311,83480.26467,46.18405
25300,117387,"TN","Tennessee",-12.55794,.081193,.1590275,.1238012,.0157439,.31642,5.1356036,-.0091942,.2085331,84855.35182,43.87288
25401,138654,"KY","Kentucky",-4.942724,.0607339,.1330151,.2202669,.0530817,.32374,5.0391531,-.0064571,.2101475,102216.4059,44.502
25402,34177,"KY","Kentucky",-.4262183,.0351113,.1663286,.0772405,.0413593,.35253,6.1482914,-.0216818,.1964184,110772.3,46.20837
25500,141040,"IL","Illinois",4.782429,.0438244,.0989762,.1724658,.035765,.26101,4.3159395,.0092523,.1818913,88654.99487,47.62027
25601,265022,"IL","Illinois",-9.721954,.0822083,.1719034,.2182745,.0495554,.30653,4.4630011,-.0038455,.2181572,77923.1139,45.17147
25602,37978,"IL","Illinois",11.53354,.0323082,.1590479,.1036076,.0201849,.30029,4.6011381,.008507,.1985599,62878.84964,48.80437
25701,184036,"MO","Missouri",2.924031,.0753983,.1537923,.2033931,.0422029,.34229,4.671292,.0174086,.2253311,96309.3651,45.15292
25702,73576,"MO","Missouri",6.398812,.029004,.2033059,.1122361,.0319658,.35978,4.8172469,.0108257,.2143018,73197.36993,45.97102
25800,105181,"AR","Arkansas",.1106749,.2378091,.2490086,.2282264,.0332446,.37361,4.6370403,.029189,.3061239,68346.74498,40.6234
25900,198671,"AR","Arkansas",-2.189428,.0427289,.1621092,.1464349,.0383098,.33577,4.6964995,.003205,.1980218,85004.79566,45.41562
26001,20860,"MN","Minnesota",,.001534,.0727947,.1042395,.0104872,.19415,6.6147695,-.0242144,.1263441,101004.8783,55.55273
26002,286544,"MN","Minnesota",-3.236838,.0077789,.1125345,.0976184,.0612565,.24721,6.8383583,.0043527,.2184504,100192.9174,46.37509
26003,5168,"MN","Minnesota",,.0029025,.101492,.0372393,.0003759,,6.3914209,,.1902269,143564.1,51.11581
26004,14355,"MN","Minnesota",,.0018809,.1208705,.0064847,.0127911,.22691,7.2593857,.0093867,.194186,87178.2,50.92988
26101,56535,"MO","Missouri",-5.876877,.0439904,.1285299,.0871398,.0202274,.23969,5.1584991,.0058009,.1889949,68521.7581,48.59657
26102,48599,"MO","Missouri",-8.851988,.036544,.1306231,.0925609,.0249051,.27178,5.3951293,.0023375,.1883162,77275.45745,49.70569
26103,22192,"MO","Missouri",,.0155912,.1365564,.0758701,.0057384,.24664,5.3649457,-.0267572,.173716,56962.60157,54.9132
26104,14189,"MO","Missouri",,.0033829,.1512202,.0295072,.0045998,.27001,5.7092245,.017605,.193734,53608.55529,52.45522
26105,12442,"MO","Missouri",,.0009645,.1630168,.1705976,.0085055,.24623,5.6899001,-.0261105,.1666667,54380.26755,52.89617
26106,29873,"IA","Iowa",-14.41241,.0024772,.1414617,.0307254,.0080652,.25126,6.6707901,-.0148079,.1731207,59811.04564,52.61533
26107,38491,"MO","Missouri",-13.12827,.0079759,.2103627,.0473833,.0305319,.31515,5.0517305,.0016375,.1679142,82337.79284,50.34458
26201,114739,"ND","North Dakota",14.87994,.001839,.0879241,.0786463,.0384381,.20719,4.8351303,-.0166858,.167436,113908.0358,55.96845
26202,2841,"ND","North Dakota",,0,.2029454,.0048959,.0085906,,6.845987,,.0909091,31325.5,
26203,10029,"ND","North Dakota",,.0003988,.1734003,.0092598,.0019374,.21628,5.6651243,-.0428508,.0861742,42762.00386,63.38983
26204,2753,"ND","North Dakota",,.0018162,.1984479,.0134738,.0011582,,7.0490694,,.0890411,44522.2,
26301,22745,"ND","North Dakota",,.0014069,.1736288,.4523666,.0268359,.27975,5.5580368,-.0058627,.2102232,67213.29577,45.87186
26302,6516,"ND","North Dakota",,.0010743,.0945455,.043901,.0057019,.24479,4.7484955,-.0406114,.1331719,62220.67083,62.63388
26303,16550,"ND","North Dakota",,.0007251,.2723924,.4596293,.018191,.32253,6.4153729,.0482126,.332038,68908.09132,38.69352
26304,74541,"ND","North Dakota",33.59019,.0172791,.1120559,.0883124,.0300173,.2354,4.7484523,-.0271131,.1563933,93722.74504,57.71323
26305,11487,"ND","North Dakota",,.0011317,.1421835,.0189479,.0141718,.26451,5.2528683,-.0290931,.1386454,61136.78729,59.54501
26401,2713,"SD","South Dakota",,.001843,.195923,.0148208,.0028451,,5.8644068,,.1107784,54845.10882,
26402,2837,"MT","Montana",,.0014099,.1251793,0,0,,7.3059896,,.1092896,63984,64.02647
26403,4009,"ND","North Dakota",,.0002494,.0992094,.0151796,.0058237,,5.7717791,,.081761,65282.39616,66.64243
26404,8671,"ND","North Dakota",,.0024219,.1433793,.0416486,.0009426,.22576,6.4041804,-.0357026,.120202,44353.09165,60.82398
26405,2017,"MT","Montana",,0,.1694571,.0065961,.0118222,,8.5140845,,.1497585,60118.3,
26406,12597,"MT","Montana",,.0008732,.2989223,.3001167,.0135939,.27536,7.0136903,.0381981,.2611684,62138.07376,40.70354
26407,4105,"MT","Montana",,.0009744,.1473684,.0141644,.0037856,,7.2808219,,.0951374,61051.4,58.30343
26408,12276,"MT","Montana",,.0012219,.1532105,.212774,.0206645,.27065,7.4909977,-.027613,.1645078,79780.90176,52.40197
26409,12051,"MT","Montana",,.0020745,.149952,.0123838,.0039538,.21703,5.7934519,-.0256677,.1433566,76601.72288,60.24181
26410,27124,"ND","North Dakota",18.82482,.0017697,.1302595,.2190036,.0158678,.23061,5.0795571,-.0269243,.1538462,89307.26551,62.54069
26411,22035,"ND","North Dakota",,.0008623,.155909,.4807816,.0087188,.24225,6.2914386,-.0186335,.1811361,70577.07347,56.59208
26412,24286,"ND","North Dakota",,.0008647,.1247643,.0916694,.0144765,.24813,5.0929872,-.0335456,.186773,67151.08942,63.02913
26501,40630,"SD","South Dakota",9.145015,.0026335,.1264791,.1256485,.0120261,.22611,4.7682928,-.021681,.1508368,99924.91716,56.51157
26502,14160,"SD","South Dakota",,.0026836,.1015783,.0172597,.0220709,.22717,4.5471638,-.0240934,.1386861,86082.74252,58.70567
26503,200630,"SD","South Dakota",21.01597,.0121517,.0796044,.0823698,.0758229,.25565,5.1324525,-.0039932,.1807951,130142.6226,53.62075
26504,40078,"SD","South Dakota",42.97304,.0011478,.1016826,.0281612,.0228267,.25341,4.9196216,-.0127598,.1444786,94592.66799,57.70156
26601,17801,"MN","Minnesota",,.0006741,.110785,.0702862,.0045346,.24293,6.0520426,-.0334526,.1189118,63113.64479,58.74543
26602,20859,"SD","South Dakota",,.0010547,.1797714,.2626905,.0114184,.24637,5.0935403,-.006081,.1708626,52629.03354,49.45933
26603,8225,"SD","South Dakota",,.0006079,.4012817,.2337092,.0135305,.30742,6.8534026,.0992526,.3439099,42377.24498,34.14418
26604,7756,"SD","South Dakota",,.0002579,.1722082,.140697,.0028564,.22195,5.0901008,-.0100166,.188876,50143.1944,58.90607
26605,52825,"SD","South Dakota",55.20447,.0022338,.1176982,.0487584,.0252344,.25742,5.0423171,-.0144409,.1536045,80056.38709,58.08629
26701,101639,"MN","Minnesota",2.332011,.00244,.1428977,.3174883,.0268113,.30176,7.1448763,.0064985,.2112471,110234.1621,46.89059
26702,31090,"ND","North Dakota",1.915577,.0016082,.1041167,.0717511,.0132534,.23816,5.5610969,-.0255609,.1236925,66594.30642,57.62308
26703,28038,"MN","Minnesota",28.0147,.0015693,.1055088,.066745,.0104845,.245,6.9817222,-.0320513,.1643125,74470.18133,57.53408
26704,108213,"ND","North Dakota",30.66058,.0089361,.1156948,.0771139,.0541189,.23103,5.7094086,-.0167473,.1807346,109868.4881,53.53696
26801,206945,"ND","North Dakota",16.47568,.0063737,.1079304,.0562532,.0651535,.25396,6.2692762,-.0136674,.1713243,118176.9289,52.84005
26802,16013,"ND","North Dakota",,.0011865,.1073764,.015079,.0175107,.19908,4.8790449,-.0311627,.100159,67305.72255,59.31761
26803,38384,"ND","North Dakota",21.12815,.0028137,.1111173,.0399106,.0227984,.24519,5.2573384,-.0337905,.1558326,79716.78123,58.0634
26804,2754,"ND","North Dakota",,0,.1011152,.0392792,.0007165,,6.0706549,,.0859107,47988,
26901,117558,"MN","Minnesota",8.645885,.0029432,.0973674,.0954975,.0169145,.24959,6.7131765,-.0028653,.1358496,113748.6879,55.82007
26902,69851,"MN","Minnesota",-5.460131,.0022476,.1230269,.0583291,.0141739,.23898,7.2267238,-.0194021,.1445132,95280.95891,56.36982
27001,14875,"NE","Nebraska",,.0002017,.1386506,.0217504,.0047216,.23357,8.5652282,-.0330221,.0967222,69468.53724,59.65377
27002,9975,"NE","Nebraska",,.002005,.1360516,.0247789,.0023019,.29618,6.895965,-.0344194,.1093489,54304.19193,57.72845
27003,6264,"NE","Nebraska",,.0001596,.1659919,.0390948,.0054033,.23246,6.2736077,,.1371994,53458.9474,57.33568
27004,11222,"SD","South Dakota",,.0003564,.1998362,.0335066,.0053007,.27578,4.9640546,-.0193737,.1217852,56190.70843,55.76129
27005,47901,"SD","South Dakota",24.51355,.0064717,.1118011,.1482995,.0165009,.24124,6.3073014,-.016838,.1377066,81619.9676,60.26942
27006,27613,"SD","South Dakota",28.11348,.0021005,.1240807,.0324629,.0072439,.26133,5.2519562,-.0297644,.1507009,82273.1959,58.18106
27007,19318,"SD","South Dakota",,.0061083,.1291739,.0409631,.0083716,.24488,5.1201578,-.01002,.1654961,72156.18393,55.48161
27008,20883,"SD","South Dakota",,.0009098,.195275,.33268,.011734,.25422,4.7355529,-.0265994,.1400238,58080.745,55.18023
27009,11291,"SD","South Dakota",,.0016828,.2557069,.5537449,.0561361,.30216,5.1884229,-.019293,.2420091,72189.98331,42.58711
27010,5412,"SD","South Dakota",,.0005543,.1017941,.3529672,.0098092,,5.358224,,.1111111,56139.78668,62.46493
27011,20809,"SD","South Dakota",,.001682,.0838871,.0794346,.015801,.26621,5.0987107,.0067086,.1838791,120952.4866,50.28067
27012,2693,"SD","South Dakota",,0,.1257121,0,0,,6.6932827,,.0835821,57052.4,
27101,85394,"MN","Minnesota",18.16411,.0062651,.090814,.1809027,.0235246,.23595,7.8626316,-.0121797,.1479494,96403.11325,56.57269
27102,51470,"MN","Minnesota",31.26565,.008471,.0951709,.0885729,.0174634,.23985,6.325285,-.0172113,.1350653,89742.52648,58.7608
27201,58454,"IA","Iowa",34.36764,.0019503,.0678228,.0474057,.0066682,.19772,6.0030119,-.0308979,.0820834,96923.6054,63.73026
27202,60435,"MN","Minnesota",56.44378,.0045669,.1004945,.1929318,.00997,.20207,6.8480716,-.0181728,.1321642,74221.8151,58.08893
27301,61106,"IA","Iowa",28.14729,.0012765,.0854725,.0214514,.0117621,.24454,6.2712503,-.0333299,.1469337,95643.97577,58.05279
27302,49010,"MN","Minnesota",21.86772,.0024077,.0936112,.0522507,.0169203,.22291,7.6651361,-.0130805,.1565581,74923.1976,54.70766
27401,52812,"IA","Iowa",32.64525,.002632,.0930329,.216598,.0082863,.23517,6.030377,-.033213,.1463921,77272.66949,58.36749
27402,101165,"IA","Iowa",16.63854,.0148273,.086901,.1090417,.018929,.2244,6.2034393,-.021964,.1735058,82204.16568,52.50519
27501,595842,"IA","Iowa",-.8364436,.0332521,.082855,.174653,.0761284,.25515,6.4045691,-.006087,.1823058,135536.4686,48.90684
27502,35600,"IA","Iowa",-9.849682,.0034551,.1204548,.0684861,.0119699,.24126,6.4904056,-.0182976,.1849232,71980.64421,54.30001
27503,34687,"IA","Iowa",7.933619,.0015279,.0849054,.0150217,.010381,.2349,6.1656515,-.0316182,.1543843,83589.31564,55.34121
27504,48729,"IA","Iowa",3.181054,.0033861,.0841848,.1781799,.0095351,.23183,6.0482144,-.0265456,.1486113,86412.12521,58.42014
27601,158442,"SD","South Dakota",.9172895,.0073276,.1171659,.0801999,.053129,.2871,4.6948112,.011661,.2162583,114818.0785,49.73028
27602,8491,"SD","South Dakota",,.0002355,.3845421,.1769794,.0337856,.26246,6.7209903,.0640615,.3217469,48833.19405,32.95592
27603,5126,"SD","South Dakota",,.0001951,.2684284,.4410588,.0389163,.22167,5.0226042,-.0422779,.1897927,53051.74152,49.88456
27604,1193,"SD","South Dakota",,0,.1575859,0,0,,4.1611842,,.1369863,51587.1,
27605,11133,"SD","South Dakota",,.0007186,.4600293,.1019549,.0026705,.32592,5.5463549,,.3909774,36112.71524,27.30345
27701,65903,"NE","Nebraska",14.94823,.0030499,.1435995,.1154486,.0186965,.27884,5.6635543,.0061995,.2031231,90057.98302,52.02559
27702,95526,"WY","Wyoming",20.50347,.0213031,.0928539,.0640156,.0555407,.26599,5.8227662,.0087311,.1988968,131005.2638,50.97138
27703,21345,"WY","Wyoming",,.0013118,.1297989,.0252124,.0079871,.27034,6.9343835,-.0027509,.1630094,106435.4112,53.81412
27704,22238,"SD","South Dakota",,.0010343,.3932858,.4859407,.0342269,.27124,6.7311874,-.0064431,.318266,47964.85445,32.07487
27801,56990,"NE","Nebraska",15.35265,.0062292,.1107301,.1083281,.0284426,.21447,6.381584,-.0217486,.1534107,95353.3074,55.91792
27802,61167,"NE","Nebraska",8.960656,.0017493,.0894662,.2116957,.0120727,.20808,6.299381,-.0121319,.1314736,92638.6986,59.60238
27901,42251,"NE","Nebraska",-.4522575,.0046863,.0968964,.0588049,.0405665,.24838,7.2023797,-.0148836,.1599535,91296.41218,54.44301
27902,26871,"NE","Nebraska",59.14173,.0056194,.0773879,.0368592,.0038443,.22829,7.7587679,-.0295571,.1145801,87003.02014,59.00288
27903,77708,"NE","Nebraska",19.00633,.0027282,.1109653,.1496584,.0318637,.24752,7.0778977,.003273,.1716642,105946.6217,53.71294
28001,187773,"IA","Iowa",21.43386,.0124193,.096555,.2002684,.0443425,.27122,5.6133201,.0028061,.1861419,103230.0781,51.74835
28002,25165,"NE","Nebraska",1.967735,.0011127,.1373042,.3603257,.0074186,.25286,5.8888918,.0025476,.1765289,80324.89243,49.55458
28101,311956,"NE","Nebraska",3.364425,.0226154,.0932206,.0943325,.0949332,.23115,6.9145347,.0117436,.1870648,131210.4494,48.70346
28102,40078,"NE","Nebraska",16.05906,.0021458,.0970796,.0624672,.0134722,.23327,6.7365646,-.0307151,.1504057,77078.85028,55.75508
28201,48197,"IA","Iowa",2.555542,.0060792,.107706,.1106861,.015968,.22146,5.9335338,-.0305184,.1709643,73999.99841,55.45313
28202,803201,"NE","Nebraska",3.97962,.0734997,.0836696,.2616235,.1087991,.25524,6.1726416,.0118914,.2078734,132170.1703,45.93368
28301,39751,"CO","Colorado",-4.436163,.0108677,.1216772,.0658938,.0147142,.29533,6.6120016,,.1492998,109570.7087,54.90605
28302,16920,"NE","Nebraska",,.0010638,.1022864,.0380868,.0048352,.2379,8.6155481,-.0195034,.1450752,81810.79219,54.98283
28303,2292,"NE","Nebraska",,.0008726,.1477987,0,0,,8.7443946,,.1474104,59051.9,
28304,8122,"NE","Nebraska",,.0004925,.1163869,.0308147,.0032837,.27026,6.5086022,-.0271186,.1400618,75513.67274,54.8902
28305,13105,"NE","Nebraska",,.0006105,.1283543,.0102887,.0036305,.23703,6.9514146,-.0343274,.1090226,58495.5446,58.3374
28306,35939,"NE","Nebraska",60.13759,.0050085,.0982734,.0383667,.0207068,.24721,6.0380706,-.0042251,.1719223,103402.7291,52.00873
28401,587132,"CO","Colorado",-4.046623,.0595318,.0821959,.0835121,.1112557,.29188,5.4766989,,.1868961,193083.0499,45.4189
28402,6087,"CO","Colorado",,.0489568,.1174831,.0588917,.0018139,,5.8383534,,.1751825,103707.4,54.74169
28501,4517,"CO","Colorado",,.0002214,.1691509,.0005478,.001438,,7.4737443,,.1462523,63050.9,56.84818
28502,187782,"CO","Colorado",.5291221,.0166736,.1585446,.0887534,.0716258,.31174,5.7002376,,.247402,118888.5349,43.10584
28503,23069,"CO","Colorado",,.0113572,.1752454,.0654369,.0191536,.31014,6.2325393,,.2421471,108811.8609,50.67496
28504,11864,"CO","Colorado",,.0128962,.1190329,.068328,.0039567,.2753,6.8356535,,.1205534,96384.73757,58.75622
28601,6438,"KS","Kansas",,.0040385,.1204239,.0038681,.0036714,.22674,7.4002207,-.0351316,.1129707,56769.08308,62.49403
28602,5953,"KS","Kansas",,.0403158,.1045411,0,0,.23085,6.9517129,-.0243474,.1700787,62384.4,57.98798
28603,10537,"KS","Kansas",,.0018981,.102689,.0191548,.0066145,.22219,8.506948,-.0299483,.1144279,58126.8012,57.80992
28604,17107,"KS","Kansas",,.0035073,.1040629,.0146567,.0046839,.23084,7.7029419,-.0249,.1173994,84530.75406,57.86297
28605,8509,"KS","Kansas",,.0041133,.1355307,.0060381,.0015486,.23716,6.5923666,-.0349096,.1301832,80398.01552,55.67638
28606,5457,"KS","Kansas",,.0003665,.1118829,.0057197,.0023198,,7.9037901,,.113782,56693.80115,57.34648
28607,19695,"NE","Nebraska",,.0014217,.1095549,.0081447,.0089025,.25564,7.1694623,,.1425654,72262.77133,57.54505
28608,56033,"NE","Nebraska",27.47592,.0042832,.1107805,.0676817,.0399669,.2446,7.2648495,-.023513,.1651024,108084.1533,56.10097
28609,48464,"NE","Nebraska",60.3153,.0016094,.1030974,.3081044,.0080042,.2419,7.0393589,-.0109201,.1390761,80089.51208,56.06715
28701,16242,"CO","Colorado",,.0158232,.1170643,.0317457,.0225051,.27873,5.6953642,,.1748041,203682.4,49.47365
28702,131682,"CO","Colorado",5.754344,.0034629,.080328,.0637509,.0347658,.23158,11.906261,,.1421816,432295.0276,54.00256
28703,12442,"CO","Colorado",,.0048224,.0733893,.021977,.0025628,.2802,6.1109908,,.1394534,273931.5,49.91887
28704,33591,"WY","Wyoming",36.31105,.0095859,.2065475,.0356612,.0585932,.22872,6.2622819,.0271369,.2033898,156229.3872,50.4141
28800,459601,"CO","Colorado",4.38234,.0051893,.1070891,.1234906,.0802833,.29092,5.4577252,,.1646804,208728.9961,49.33973
28900,2449044,"CO","Colorado",.8462178,.0469253,.0818557,.203113,.1245828,.26698,6.0446189,,.1908769,247720.5974,45.67617
29001,18232,"KS","Kansas",,.0062527,.0984934,.016215,.0040869,.24204,6.3339742,-.0273002,.1587228,63090.61946,57.37162
29002,1967,"KS","Kansas",,.0005084,.1018767,0,0,,10.5,,.1441441,39590.1,
29003,42837,"KS","Kansas",-10.41308,.0117422,.1191268,.1511629,.0155318,.29292,5.5239961,-.02192,.1430268,89046.27398,52.01242
29004,47227,"KS","Kansas",-5.42948,.0145044,.1219523,.096091,.0136297,.2315,6.7358977,-.0091606,.160496,65242.71499,53.654
29005,82076,"KS","Kansas",14.23349,.0263293,.1061691,.0824366,.0433555,.26469,6.0776419,-.0077851,.1842488,82042.95448,49.09804
29006,38196,"KS","Kansas",-2.480203,.0056289,.1266752,.0394043,.0314759,.24609,6.4677809,-.0119969,.1696751,95895.05265,56.73944
29007,8631,"KS","Kansas",,.018422,.1036047,.0258348,.0022905,.20156,7.6097668,-.0172687,.1618669,52410.57009,55.91746
29008,5609,"KS","Kansas",,.0001783,.0851723,.0095281,.0021236,.2375,8.2847824,-.0187391,.1054173,58068.8125,62.33057
29101,19894,"KS","Kansas",,.0025133,.104372,.0205859,.0085053,.22991,7.3981945,-.0335252,.1418701,49318.82056,56.06466
29102,11112,"NE","Nebraska",,.00018,.1092251,.0078131,.0041511,.21775,7.7404676,,.1259781,48195.17493,59.74329
29103,11384,"KS","Kansas",,.003338,.0986342,.013948,.0078128,.21543,7.753623,-.0228914,.1207802,61403.71354,56.47586
29104,63338,"KS","Kansas",.921771,.0261612,.0882491,.0702673,.069285,.26191,5.8779626,-.0206087,.196174,106667.8227,47.75951
29201,21441,"KS","Kansas",,.0098876,.1103488,.1148144,.0078605,.2312,6.5336009,-.0249422,.1492647,72570.2127,59.59727
29202,17448,"KS","Kansas",,.0017767,.0950615,.0108591,.0048776,.23811,7.198852,-.0278146,.104147,54847.73391,60.61485
29203,143269,"KS","Kansas",11.46753,.0734213,.1429477,.1390515,.0514217,.2566,6.102005,-.0228523,.1713319,101128.0225,49.81233
29204,324513,"KS","Kansas",-4.721425,.0593443,.1111985,.1281969,.0874159,.27978,6.6601885,-.0062143,.2160899,118588.7147,46.8101
29301,553506,"KS","Kansas",3.082503,.0754554,.0934662,.2155089,.1023895,.24948,6.149466,.0095022,.1952893,108996.1161,44.80037
29302,75784,"KS","Kansas",23.76075,.0105167,.0683474,.0728073,.0118915,.21478,7.4135245,-.0219701,.1326615,99723.72045,52.30614
29303,51584,"KS","Kansas",-.9546074,.0194246,.1285989,.0500765,.0225325,.23979,6.4733209,-.0173149,.1887219,62993.89357,52.11521
29401,51067,"KS","Kansas",-2.742802,.0112401,.1093224,.038923,.0199538,.23547,6.1816354,-.0168115,.1705972,75392.79547,51.7387
29402,47830,"KS","Kansas",-15.35458,.0174368,.1265378,.1474675,.0332862,.24593,8.7836588,-.0231267,.1716205,85892.67078,50.88618
29403,145981,"KS","Kansas",.2611751,.0332372,.1242066,.0993109,.0449314,.31206,5.038607,-.0066541,.1997909,66656.52486,48.91099
29501,85465,"KS","Kansas",6.017401,.0924472,.0799507,.088672,.074531,.23885,6.8357513,.0003644,.1777842,116841.863,47.9031
29502,1762873,"MO","Missouri",1.336043,.1244832,.087624,.3055163,.1209807,.29562,6.4495765,.0042607,.2205418,140881.4564,43.29231
29503,158300,"MO","Missouri",2.968131,.0332596,.1147444,.0875174,.0340392,.27653,5.0927732,-.0150294,.2036387,97858.94043,47.06966
29504,88232,"MO","Missouri",2.164066,.0162866,.1450273,.1035598,.0193355,.28657,4.6647426,-.0066396,.2030629,85859.32384,47.92457
29505,33693,"MO","Missouri",7.452839,.012792,.1489628,.0455738,.0145416,.24824,5.7794064,-.0195672,.1457159,82707.23482,54.78181
29506,18093,"MO","Missouri",,.0013265,.1304545,.0118644,.0071181,.22823,5.2386297,-.0044943,.1613045,55837.39948,56.2113
29601,302388,"MO","Missouri",.9859056,.0779793,.1155323,.1312307,.0747522,.27935,5.3460929,-.0043393,.2094303,127835.8936,46.88918
29602,79924,"MO","Missouri",-12.04958,.003178,.1336917,.0208236,.0229264,.32148,4.6961585,-.0127905,.1806957,136350.6274,47.94241
29700,440866,"MO","Missouri",6.362843,.0139838,.1324235,.0670514,.0727313,.33845,4.7697581,.0023459,.189716,114163.6226,46.05213
29800,137575,"MO","Missouri",9.083619,.0017736,.1396955,.0532538,.0077453,.28679,5.3980229,.0005954,.1763785,111046.4672,47.59349
29901,266742,"MO","Missouri",3.793055,.0123115,.1431475,.1011199,.0239341,.30403,4.9653304,.0056215,.201986,81838.56467,46.69882
29902,54651,"MO","Missouri",8.877293,.0041353,.1488251,.0143969,.0102055,.27537,4.5340956,-.0071734,.1756593,76219.25549,49.71368
30000,138646,"AR","Arkansas",20.94191,.0169136,.1546851,.1080168,.0213907,.33476,4.5285392,.0112007,.1755806,84540.97375,46.97657
30100,332832,"AR","Arkansas",8.076329,.0336386,.1637367,.1287111,.0368652,.33625,4.8685098,.0039918,.2016369,85240.25449,47.07501
30200,152466,"OK","Oklahoma",1.912406,.0681135,.2007038,.1129717,.0253833,.33028,5.1894108,.0042303,.2310588,78593.73695,44.31079
30300,384122,"AR","Arkansas",.5713801,.0105696,.1363368,.1505772,.0462531,.34071,5.0630916,.0144472,.1684282,119799.0015,47.55628
30401,79601,"OK","Oklahoma",-.909892,.03309,.1911213,.0466369,.0719301,.32423,5.1593305,-.0089615,.1861184,100342.5092,50.23587
30402,921246,"OK","Oklahoma",3.406034,.0778685,.1181984,.1666006,.0906427,.3512,4.6420159,.0161277,.2143547,109213.7275,45.32482
30403,51499,"OK","Oklahoma",11.15316,.1020214,.1982201,.0739961,.0238797,.31568,4.6832524,-.0090705,.2244745,59581.44193,46.88738
30501,26123,"OK","Oklahoma",10.1923,.0078475,.1216608,.0489505,.0139698,.26731,5.3391705,.0111901,.1620948,71042.40111,57.54513
30502,102415,"OK","Oklahoma",10.18048,.0305424,.142127,.0794756,.0338723,.28696,5.1078112,-.0120473,.1841138,69267.13214,52.36208
30601,857648,"TX","Texas",-1.587745,.0244144,.2417484,.1693809,.0956255,.40254,5.5095655,.0079293,.2374569,97757.69098,44.19128
30602,81709,"NM","New Mexico",-.3610631,.0285403,.1822588,.1325095,.0228169,.30465,4.4721277,-.0250028,.2239944,116389.6596,43.64
30603,13270,"NM","New Mexico",,.0041447,.2088446,.0060444,.0086771,.28738,4.2377438,.036815,.2417405,103707.4,45.97911
30604,61950,"NM","New Mexico",-3.19895,.0050202,.2526253,.0719678,.0356054,.30503,4.4444052,-.0171892,.2544256,102604.3161,43.55462
30605,2975,"TX","Texas",,.0063866,.250844,.06929,.0108464,,6.7781863,,.1909548,43322.5,
30701,113040,"NM","New Mexico",9.984339,.0155432,.1941259,.0726247,.036806,.34842,4.6136553,-.0092766,.2339213,83296.07145,46.23859
30702,6920,"NM","New Mexico",,.0086705,.2030337,.152031,.0021738,.26642,7.3637227,-.0333757,.2153667,66424.16529,47.86638
30801,90061,"NM","New Mexico",15.4801,.0372303,.2135277,.0713696,.0329753,.33072,5.9759942,-.0167641,.1851019,64237.03547,52.49389
30802,287568,"TX","Texas",3.320965,.0689333,.1847456,.1843332,.079622,.40076,6.3364466,-.0073157,.2300845,86584.2389,43.29906
30901,73078,"NM","New Mexico",-9.770008,.045212,.1962157,.1002988,.0552339,.30244,4.6739636,-.0139952,.2144754,80537.58258,46.7691
30902,29588,"TX","Texas",5.616781,.0295052,.1944034,.0382073,.0100144,.34241,6.743641,-.0115831,.1395117,51964.9816,49.58638
30903,240752,"TX","Texas",-2.333751,.0533827,.1431474,.2225531,.0793599,.35208,5.0904579,-.0049123,.2203847,97493.71358,45.0609
30904,57355,"TX","Texas",12.63268,.0342603,.1171828,.1032762,.0541638,.269,6.5378355,-.0171064,.1673082,57519.13295,52.57016
30905,8490,"TX","Texas",,.0360424,.1516468,.039814,.0128223,.32453,9.3445154,-.0331037,.1656977,48457.10724,57.42163
30906,9400,"TX","Texas",,.0519149,.2018579,.0707921,.011874,.29395,6.921527,-.0309686,.1693936,44086.46473,50.77211
30907,1426,"TX","Texas",,.0350631,.1943662,0,0,,8.4836066,,.1708861,40123.3,
30908,52751,"TX","Texas",6.757099,.0527573,.1841718,.0684561,.0280279,.33873,5.7287716,-.0067729,.1836649,64683.10953,47.05384
31001,52031,"KS","Kansas",7.272953,.0083988,.1386385,.1029449,.0147052,.28585,6.503608,-.004335,.1595197,108003.6708,50.51379
31002,15778,"KS","Kansas",,.0042464,.1087753,.0187171,.004114,.24678,9.8875436,-.0252814,.1158854,104090.0517,54.4562
31003,9185,"KS","Kansas",,.000871,.0886454,.0353835,.0038705,.26247,6.5772701,-.0335323,.1281225,87649.96838,59.11476
31004,32998,"KS","Kansas",-48.32439,.0253652,.1492136,.1595335,.0202742,.26493,5.5554318,.0232673,.1465162,88563.72177,54.64615
31005,17432,"TX","Texas",,.001262,.1468028,.0587301,.0084523,.28398,6.5900771,-.0268354,.1237942,63258.40096,59.94068
31006,29937,"OK","Oklahoma",-34.70843,.0051107,.1425599,.0431377,.0072952,.2756,6.3967082,-.0155008,.125247,82539.74904,56.90964
31007,31880,"TX","Texas",-20.57397,.0198871,.1268073,.0817794,.0206165,.27589,5.2416935,-.0237798,.142348,84407.50283,52.45206
31101,165277,"TX","Texas",-4.388932,.0635358,.1447238,.119596,.0466267,.34639,5.5245106,.0061018,.2012644,85131.71339,46.90102
31102,42194,"TX","Texas",.5837693,.1059392,.1372419,.0747134,.0122139,.30867,5.7445847,-.0175609,.1720474,87081.33202,50.43552
31103,18628,"TX","Texas",,.0801482,.1855258,.0462363,.0183779,.31225,5.3881395,-.0206877,.2099828,64650.5,45.07088
31201,1298076,"TX","Texas",-3.41513,.0780424,.1117117,.1714787,.137936,.32142,5.8911811,.0023416,.1927756,169476.0635,42.43784
31202,51191,"TX","Texas",-3.314867,.0107636,.1070449,.065692,.0302976,.33693,5.9833491,-.0149819,.1727801,129401.7248,46.1991
31301,1724863,"TX","Texas",-4.114731,.0595595,.1510657,.2220705,.1105953,.39277,5.8451099,.0027124,.231894,103809.2556,42.69113
31302,47805,"TX","Texas",19.19914,.0993202,.2329026,.0799443,.0221629,.32405,5.7938479,-.0139297,.2363527,60397.87029,47.53349
31303,64467,"TX","Texas",-4.000946,.0119131,.1307728,.0560995,.0220116,.3697,5.4950642,-.004805,.1851852,132954.1,47.07586
31304,3738,"TX","Texas",,.0013376,.1319989,.0577731,.0153654,,7.0872894,,.1784038,71848.7,
31401,262282,"TX","Texas",16.69378,.0524131,.1596178,.1736568,.066153,.38032,4.9232448,.0134096,.203515,78739.15609,52.8899
31402,31286,"TX","Texas",25.61353,.026881,.2251063,.1088593,.0328867,.31544,6.4268645,-.0107267,.183994,39362.39287,56.45897
31403,20908,"TX","Texas",,.0343409,.2019846,.08145,.0193373,.3465,11.336497,.0095438,.1717996,57188.7544,56.63435
31404,18377,"TX","Texas",,.006149,.2515027,.1915281,.0412236,.3564,6.3333333,-.0074263,.2176444,70778.63842,50.70593
31501,21848,"TX","Texas",,.0050348,.3772287,.0326486,.0199877,.33446,6.5330234,.0345418,.2491289,36162.7589,45.46691
31502,22118,"TX","Texas",,.0438105,.2917935,.0844129,.0121653,.35037,6.3485323,.0122609,.2223065,41844.27385,46.90629
31503,210580,"TX","Texas",-2.663149,.0016051,.3131215,.0648514,.0883346,.43444,6.2233101,-.000335,.1907792,94719.16411,45.14474
31600,978369,"TX","Texas",2.265389,.0033219,.3567996,.1468408,.0658168,.42592,6.028366,.0116698,.1945382,68299.56297,45.3229
31700,503493,"TX","Texas",5.402439,.0330253,.1980188,.190801,.0747189,.39273,5.9183383,.0074916,.2287653,86232.24706,45.12551
31800,208437,"TX","Texas",-10.73537,.1299481,.2444941,.1599064,.0822909,.37601,6.2271993,-.0052715,.2198813,112229.2505,43.66019
31900,320912,"TX","Texas",1.279249,.0966651,.1202671,.0914318,.0667442,.32357,5.6497766,-.0101313,.1678912,109165.2099,48.13179
32000,4504013,"TX","Texas",-.7804764,.1708201,.1386107,.2807776,.129693,.38856,5.7910086,.0069534,.2053812,121534.8531,44.25497
32100,497770,"TX","Texas",5.536563,.2252486,.1614894,.2953098,.0532915,.35979,5.6952378,-.0032887,.2461471,82014.23397,45.17273
32201,191792,"TX","Texas",-5.887746,.1945858,.1726046,.1242886,.0369442,.36536,5.3586169,-.0096684,.2236766,85600.44588,43.88012
32202,103842,"TX","Texas",7.04508,.1754492,.2137114,.1412456,.0385883,.37748,5.9579221,-.0095041,.2278439,87031.19715,45.75051
32301,113973,"TX","Texas",-6.623755,.0371404,.1520812,.1132557,.0507845,.35376,5.2994345,-.0060978,.2178541,83375.53763,44.48913
32302,23666,"TX","Texas",,.0133102,.1951935,.0460118,.0234761,.31942,6.1252548,-.0243702,.1782946,49408.61,50.09509
32303,6828,"TX","Texas",,.0019039,.2118959,.0504774,.032035,.33995,6.7199682,-.0347281,.1952441,56805.77807,46.46556
32304,35212,"TX","Texas",12.43492,.0023004,.2373088,.1168556,.0149094,.4026,6.0307764,.0056513,.1820138,62378.88836,46.42382
32305,49316,"TX","Texas",18.70488,.0132411,.259636,.1436558,.0561464,.41216,5.2122633,-.0114793,.1834041,75334.84943,47.80403
32306,47297,"TX","Texas",-7.096471,.0011206,.3484868,.0926035,.0253378,.32448,5.2512073,-.0126921,.1706231,66916.6,47.382
32401,54073,"TX","Texas",28.70512,.0495256,.1822869,.1031232,.0416459,.34378,6.0816327,-.0154635,.1969201,53328.07761,49.58976
32402,20146,"TX","Texas",,.0408518,.2076684,.0840592,.0409986,.34355,7.2160661,-.0099153,.2436466,45965.28059,49.64796
32403,26918,"TX","Texas",66.81361,.0822869,.1630038,.0664687,.0242464,.29367,7.8557493,-.0090898,.1905252,50955.51252,55.01597
32501,191518,"TX","Texas",15.318,.0591119,.1483741,.1234118,.0662652,.33208,5.9287336,-.0100038,.2050395,72411.78884,48.05104
32502,9592,"TX","Texas",,.1303169,.1777606,.0551124,.0064251,.29589,5.9155844,-.0158912,.241206,54134.67289,49.37688
32503,15157,"TX","Texas",,.0477007,.2155094,.0222059,.002708,.33823,7.9157701,-.0277992,.179822,38001.93231,51.02844
32601,151524,"TX","Texas",3.32356,.0877287,.1270062,.1479363,.0571409,.29561,5.8207488,-.0139644,.212828,80654.2281,46.98475
32602,28556,"TX","Texas",4.874804,.0244782,.147653,.0682438,.0132113,.30072,5.504361,-.0299852,.1703005,58871.65601,55.53501
32603,4093,"TX","Texas",,.0329831,.1612265,.0101207,.0176893,,5.971464,,.1922246,45588.6,
32604,21022,"TX","Texas",,.0740653,.1426141,.0576091,.0252292,.2905,5.6258094,-.0221801,.2028358,54356.09142,47.36185
32701,58246,"TX","Texas",13.87766,.0325001,.1769033,.0626697,.0278024,.30977,5.8410243,-.0088133,.2027328,59929.07061,47.65202
32702,55256,"TX","Texas",-5.850617,.0059722,.1609489,.0519199,.022007,.31467,5.2159668,-.0161673,.1498495,76621.65026,51.66814
32801,281618,"TX","Texas",3.731855,.1413546,.1738153,.1905266,.1050388,.3644,5.560201,.001745,.2396228,85067.93881,42.33158
32802,100377,"TX","Texas",-.4964246,.1658647,.169873,.0778387,.011207,.34343,6.463319,-.0117481,.2104952,73542.05012,46.54514
32900,330714,"TX","Texas",-1.325524,.1930097,.1169556,.0911946,.0594965,.28812,5.4896636,-.0097175,.2054196,101710.134,43.12984
33000,1804370,"TX","Texas",2.421195,.1045706,.1039179,.2295957,.1142568,.34303,5.9280269,.0074316,.1946753,119476.1094,44.82016
33100,3405666,"TX","Texas",-.5307466,.1507356,.1100094,.2622548,.1338128,.36421,6.0179484,.0036829,.2022863,146568.3734,42.87677
33200,185835,"TX","Texas",3.413016,.1046197,.1461766,.1292879,.0371986,.32686,6.0415592,-.0135524,.2118869,76538.17166,44.85496
33300,434643,"TX","Texas",9.98507,.1423674,.146961,.1998974,.03152,.36417,5.1681261,-.0088457,.2036122,98253.83187,45.8395
33400,289849,"TX","Texas",6.767934,.1933973,.155385,.1213161,.0312377,.35363,5.5252415,-.0075242,.2180608,91101.51925,46.45579
33500,235988,"TX","Texas",-2.75915,.201345,.1803122,.1629678,.0390848,.35564,5.4802268,-.0025912,.2519807,82326.08893,43.90954
33601,171610,"OK","Oklahoma",-.0308182,.1313618,.1557837,.1052842,.0568261,.30313,4.6160931,-.0091636,.2232127,84841.17219,47.38587
33602,48010,"OK","Oklahoma",34.37815,.0737763,.1819535,.0809545,.0471315,.30056,4.8800078,-.0035356,.1986456,63084.64405,49.57588
33603,9287,"OK","Oklahoma",,.0891569,.2187465,.0204027,.0107321,.25616,6.1612903,.0170908,.1932773,38790.3,48.41645
33700,117982,"OK","Oklahoma",-1.309629,.0420657,.1643869,.0767877,.0188518,.3211,4.8885066,-.0074421,.1970453,68778.76435,49.88941
33801,60885,"OK","Oklahoma",9.027945,.0305001,.1769436,.0756285,.0239802,.31003,5.1098309,.0102248,.184723,74016.12396,55.62277
33802,75666,"OK","Oklahoma",-4.975368,.0297492,.1699098,.1517826,.0415975,.31911,4.6869162,-.0065689,.2004427,74028.1775,48.65166
33803,1154246,"OK","Oklahoma",-.7138889,.1000419,.1369124,.1701739,.0964456,.34777,4.6870167,.0184496,.2342434,102512.223,44.68879
33901,69207,"OK","Oklahoma",8.411742,.031572,.1878913,.0330845,.0319784,.33437,5.0120636,.0082521,.2016723,64846.29448,50.03562
33902,178371,"TX","Texas",2.543819,.0526207,.1318723,.1220477,.0349223,.3256,5.7147849,-.0098578,.2018935,86097.88417,45.88183
34001,210357,"AR","Arkansas",.623098,.1370337,.1630672,.1759579,.029657,.35163,4.7377956,.0020665,.2258195,95178.54734,43.48806
34002,97397,"OK","Oklahoma",12.11068,.0587287,.2222002,.1631577,.0145937,.31593,4.8874931,.0002851,.2209932,63457.19418,46.81859
34101,2697,"AK","Alaska",,.0155729,.2183439,0,0,,,,.2815534,132633.5,
34102,369296,"AK","Alaska",.5862482,.0413896,.0829958,.0818724,.0824061,.26381,8.7059871,.0444361,.2002626,196805.9952,50.80932
34103,10195,"AK","Alaska",,.0032369,.0983802,.0125386,.0452952,.29781,10.052965,-.0041642,.1660947,188352.9,48.12767
34104,1258,"AK","Alaska",,.0055644,.0945946,0,0,,11.359551,,.1122995,185287,
34105,7208,"AK","Alaska",,.002081,.1736519,.0435195,.0298849,.27035,,.094648,.2477963,118903.6,36.90948
34106,9196,"AK","Alaska",,.003806,.1742946,.143073,.0658783,.32528,,.0171339,.2094156,102774.3,34.60303
34107,6745,"AK","Alaska",,.0028169,.2073244,.0824834,.0369543,.33179,,.1085964,.1945032,133253.8117,42.44372
34108,13913,"AK","Alaska",,.0092719,.0656179,.0759595,.0284691,.22894,8.4195901,.0069694,.1373031,206748.3,49.62508
34109,37347,"AK","Alaska",-7.388815,.0065333,.0707184,.0511971,.0394261,.22865,9.2167479,.035996,.1934536,242270.9611,45.92574
34110,15519,"AK","Alaska",,.002513,.0784868,.0398352,.0066874,.2303,8.3661021,.0044717,.1882964,234229.0314,45.81768
34111,20216,"AK","Alaska",,.0037594,.0820873,.1117357,.0366651,.25166,8.4603001,.0421572,.2099331,203305.1232,43.88567
34112,23034,"AK","Alaska",,.0027351,.2234657,.1318459,.0518768,.36888,,.071552,.1948553,85109.98948,35.67032
34113,7385,"AK","Alaska",,.0069059,.0906357,.0336976,.0087637,.2111,,.0977466,.249505,151028.9,38.84533
34114,5465,"AK","Alaska",,.0301921,.1188229,.038812,.0278202,,,,.1339286,124502.2,
34115,97458,"AK","Alaska",-18.5468,.0499702,.0960725,.1385514,.0596741,.23543,8.8490103,.0514912,.1774545,163267.2738,49.55289
34201,25840,"MT","Montana",37.23835,.0009675,.2120052,.4717646,.0420571,.30851,6.5568716,.0179947,.2227652,98051.41225,44.85409
34202,24938,"MT","Montana",,.0010025,.2221397,.5147716,.0220226,.32356,6.8026711,.0137314,.1926413,84674.75924,38.67342
34203,95101,"MT","Montana",19.31671,.0090535,.1435812,.1138323,.0599977,.29081,5.1015341,-.0207815,.1998682,119437.2728,49.00954
34204,12386,"MT","Montana",,.0008074,.1576565,.012449,.0031308,.2913,5.8730724,-.0103462,.14276,93485.19429,53.18541
34301,37247,"WY","Wyoming",-19.17901,.0007517,.1315935,.0212775,.0177488,.2613,7.0408763,-.0009376,.1534698,129262.215,55.12814
34302,13171,"WY","Wyoming",,.0018981,.1281572,.046737,.0118381,.22526,6.1485495,,.1565814,109997.7819,54.61676
34303,35804,"WY","Wyoming",46.50928,.001201,.1759828,.2262623,.0196336,.33231,8.7546741,.0351239,.2159377,119036.9,46.92249
34304,46306,"WY","Wyoming",6.459521,.0011446,.1572044,.4210758,.0180317,.29185,6.8802509,.0165133,.2035874,129383.885,46.38261
34305,12895,"MT","Montana",,.000853,.1527833,.0228684,.031906,.26524,5.0249081,-.0057495,.2186106,80495.2548,55.13173
34306,1279,"MT","Montana",,.0007819,.2146803,0,0,,6.8015564,,.1111111,46255.1,
34307,12102,"MT","Montana",,.0018179,.2041281,.4951946,.0609032,.27927,7.7730263,.0095198,.1922633,84918.71067,42.01934
34308,152638,"MT","Montana",1.795349,.0037802,.1141888,.0652681,.0721821,.30509,5.2263981,-.0012527,.1971977,134157.0662,50.57253
34309,4191,"MT","Montana",,.0007158,.196798,.0049951,.0025466,,6.5852417,,.1264108,81661.01141,
34401,9202,"MT","Montana",,.0013041,.1709274,.007658,.0105997,.26646,5.4305556,-.0031112,.12287,118903.6,53.78316
34402,93985,"MT","Montana",9.194926,.002245,.1249614,.020604,.0443986,.30274,6.0502461,-.0052372,.1484303,173758.3614,50.93701
34403,70150,"MT","Montana",5.21201,.0018389,.1064034,.0090363,.0432274,.26534,5.2372998,.0011381,.1843642,150761.7865,48.93576
34404,54033,"MT","Montana",-4.270021,.0017767,.1491632,.0267995,.0362479,.33109,5.3350757,.0169567,.2145317,98721.54391,49.73174
34501,9871,"ID","Idaho",,.0009118,.1568406,.0108569,.0025489,.27964,4.6676009,.031085,.1561014,129167.7,50.31926
34502,18837,"MT","Montana",,.0010087,.19162,.0035504,.009347,.27845,5.0773872,-.0102884,.1811754,110105.8,49.93718
34503,111205,"MT","Montana",8.308475,.0013579,.1471508,.1728574,.0242234,.3262,4.9847896,.0083296,.1907046,160758.9769,48.01229
34504,135756,"MT","Montana",-4.952085,.0022688,.145546,.0326902,.0598658,.3306,5.1451454,.0037877,.1963275,179413.7412,47.47697
34601,46229,"WY","Wyoming",37.93801,.0012546,.0812032,.0207833,.0445994,.21035,7.141513,.0089056,.1518394,126810.4253,60.9314
34602,15639,"WY","Wyoming",,.0065861,.1287427,.066246,.0025169,.22621,7.1819197,.0156518,.1916798,101974.5,53.43636
34603,78585,"WY","Wyoming",24.90199,.006248,.1179284,.0253401,.0568279,.28016,6.4575023,.058751,.2211492,112824.0104,55.4827
34604,2407,"WY","Wyoming",,.0012464,.1342894,0,0,,7.6546185,,.1555556,80379.9,
34701,876156,"HI","Hawaii",3.180964,.022351,.0989543,.1402532,.1066677,.30474,6.5629113,.0180763,.1673771,411897,45.94975
34702,58463,"HI","Hawaii",8.192197,.0027881,.105066,.0644554,.0128168,.29443,6.5629113,,.207429,288061.3,46.33215
34703,128241,"HI","Hawaii",5.861566,.0037508,.1049044,.1194249,.0295157,.29684,6.5629113,,.1994709,333116.7,44.45858
34801,49495,"NM","New Mexico",10.84948,.0046671,.2176556,.0921637,.0116967,.311,5.3704452,-.0285483,.2663498,112157.0357,43.65412
34802,218804,"NM","New Mexico",8.699775,.004095,.1403949,.2006061,.089222,.37974,5.5266987,.0119545,.2358845,234439.9269,43.32116
34803,10965,"NM","New Mexico",,.0073871,.2050972,.0797159,.0127563,.35187,6.5700406,.03873,.2551506,69062.62876,46.19443
34804,4174,"NM","New Mexico",,0,.1812711,0,0,,6.4000579,,.1688312,66383.4,
34805,46190,"CO","Colorado",.4995468,.0032258,.2017848,.1120375,.0278227,.34618,5.9516598,,.2125354,103543.3523,48.76503
34901,755244,"NM","New Mexico",-2.23404,.0215864,.1425745,.1765339,.0959375,.36648,5.0906997,.0333644,.2386933,164086.6553,42.62749
34902,21621,"NM","New Mexico",,.0046251,.3046708,.2044352,.0183831,.3517,5.4114347,-.0249315,.247536,108058.6993,42.93375
35001,3303211,"AZ","Arizona",.007163,.034316,.1209832,.2083484,.1202165,.32195,5.5463184,,.2030202,169757.5545,44.69127
35002,42036,"AZ","Arizona",-4.196616,.0151299,.2013069,.2871506,.0358329,.22243,4.6059084,,.1907456,104714.6209,45.93617
35100,999882,"AZ","Arizona",-2.725119,.0291874,.1539519,.2200086,.1124232,.35335,5.805558,,.2387718,148415.7772,42.9036
35201,187857,"CO","Colorado",10.50156,.0036517,.1086971,.0396758,.0496302,.31643,5.3569064,,.1901819,169014.3047,52.06492
35202,14746,"CO","Colorado",,.0037298,.1453834,.0172447,.0446191,.3649,7.4872229,,.1660802,254633.9367,51.4311
35300,168198,"NM","New Mexico",-5.4269,.0034483,.1842748,.2981286,.0473996,.33196,5.0984772,.0050726,.2095792,163302.0812,46.29054
35401,289883,"AZ","Arizona",.7731761,.0060059,.1437196,.2873363,.0365046,.32287,5.513914,,.2106375,184914.1884,45.28317
35402,40087,"CO","Colorado",-3.28392,.0012473,.2161559,.3826082,.0287097,.2849,6.647666,-.0126125,.1944226,123996.7226,51.5672
35500,241691,"AZ","Arizona",-7.386112,.0051471,.339382,.4763211,.0626083,.3411,6.1867998,.0254005,.268,81915.01664,36.37533
35600,148677,"HI","Hawaii",1.69839,.004049,.1565742,.0432821,.0421039,.33437,6.5629113,,.2398665,204882.1,43.29897
35701,120807,"ID","Idaho",15.1943,.0011837,.1222192,.0332267,.035396,.30643,5.4912054,.0113738,.1560071,168263.4478,50.9325
35702,41590,"ID","Idaho",2.545442,.0012984,.1419673,.0406015,.0213796,.25787,4.0999247,.0031497,.1334262,104888.4695,53.44588
35801,493970,"ID","Idaho",1.031916,.0062858,.0944842,.0848086,.0724128,.29122,5.0570119,.0347916,.1668107,153596.9303,46.65198
35802,62170,"OR","Oregon",8.103103,.0064018,.1583024,.0933199,.0160347,.30383,5.9909463,-.0043587,.1787363,117168.2576,46.83277
35803,11127,"ID","Idaho",,.0003595,.1108484,.0057648,.0173549,.3244,7.8244242,-.000315,.1440613,172000.477,48.2456
35901,130138,"UT","Utah",-9.442512,.0022899,.1314097,.0278602,.0306662,.27091,4.9222796,-.0110851,.1360118,174408.8323,51.64759
35902,54045,"UT","Utah",2.451203,.0024424,.1403654,.0385268,.0162974,.22935,4.631434,-.0148867,.1295473,123895.3836,55.05183
35903,8485,"UT","Utah",,.0021214,.1480424,.0189179,.0011997,.28772,6.3688474,-.0342079,.2463628,150229.1,54.46022
35904,25012,"UT","Utah",18.41681,.0023589,.1059286,.0148287,.0073909,.25736,4.9179229,-.0106935,.1202008,125199.8783,55.60988
35905,2509,"UT","Utah",,.0015943,.1542766,0,0,,8.2,,.1149068,130100.8,
36000,389179,"UT","Utah",6.308512,.0026312,.1200193,.0585669,.095139,.19294,4.7424486,-.0175205,.0948831,203419.7948,53.28376
36100,1426729,"UT","Utah",1.255432,.0099171,.0754991,.1142171,.1007756,.23185,4.3224534,.0090196,.1468964,206489.3233,50.89729
36200,149590,"UT","Utah",3.905508,.002674,.1109855,.0531079,.0696854,.20106,4.2309428,-.0031828,.1015686,163973.3965,55.83276
36301,269722,"ID","Idaho",1.969067,.0034443,.1402507,.1275673,.0630143,.2481,4.4839747,-.0029853,.147456,121128.9716,49.5747
36302,12148,"ID","Idaho",,.0006585,.149511,.0132266,.004757,.26223,4.9262782,.0142047,.1424581,121495.2426,53.32802
36303,24250,"WY","Wyoming",,.0012784,.0772708,.0267702,.0199271,.06276,5.8763471,,.132996,415037.7049,53.6638
36401,38860,"CO","Colorado",5.777088,.0013124,.0738543,.0324139,.040495,.25134,5.606628,,.1558818,246210.258,58.7976
36402,39595,"UT","Utah",17.4026,.0011113,.1533092,.1513534,.0195785,.27347,4.5637794,.0040196,.1484117,111750.252,60.77001
36403,13715,"ID","Idaho",,.0006562,.0960165,.0176814,.0114618,.2066,4.5835642,-.0198433,.1032464,101832.3074,57.13233
36404,80730,"WY","Wyoming",2.062745,.0039391,.0868086,.0424209,.023651,.2004,7.3068531,.0205744,.1501259,131705.7139,56.44311
36501,151353,"CA","California",7.446057,.0261178,.1714546,.1055664,.0315784,.31414,6.1492828,-.0076623,.2236554,127273.0604,47.11288
36502,7609,"OR","Oregon",,.0011828,.1177817,.009843,.001166,.2563,7.3138075,-.0188952,.1393258,97708.9,51.15882
36503,7422,"OR","Oregon",,.0010779,.16122,.0103225,.0056394,.27724,6.8492723,-.0393516,.1748571,87578.1,48.76563
36600,219295,"CA","California",1.645496,.0066486,.1584103,.0424699,.0337689,.34128,5.6883142,,.2381429,155988.1314,45.13197
36700,139540,"CA","California",5.600014,.0078042,.1945129,.0699777,.0330934,.34339,6.4989005,,.27075,175664.4147,40.76923
36800,256995,"OR","Oregon",-4.303545,.0033697,.1326536,.0382481,.0459638,.33992,5.786639,.0231245,.2279304,182113.2941,44.51878
36901,48644,"CA","California",-1.559465,.0246279,.1644941,.1168762,.0178298,.30455,5.3770047,.0018009,.2550296,179753.2529,42.05295
36902,163178,"OR","Oregon",.9968817,.0020468,.1386615,.0098726,.0206822,.30214,5.8062111,.0039551,.2190119,136411.5852,44.01521
37000,729182,"CA","California",-.0713425,.0266888,.1729052,.1211271,.051475,.3431,5.8381908,,.2044397,165647.5561,45.13622
37100,661645,"CA","California",.5619516,.0571983,.2076015,.213638,.0991732,.36455,5.756317,,.2285067,124368.9,47.67754
37200,1419998,"CA","California",-7.540119,.0426346,.2276157,.1681688,.0853597,.39718,5.5551976,,.2216274,138238.1434,43.52994
37300,387577,"CA","California",1.446948,.0157827,.1878188,.1003635,.0493373,.35631,5.6058247,,.2233282,159589.6786,45.25729
37400,2570609,"CA","California",-.237093,.0630189,.1351976,.1611501,.0933991,.33131,5.4948802,-.0198492,.2247318,214334.406,45.03625
37500,2393183,"CA","California",-.2104647,.0255705,.0902181,.2183079,.0915852,.27125,5.9519654,,.1553503,545855.1311,46.7758
37601,61917,"NV","Nevada",15.49968,.0103849,.0960679,.1214726,.0469672,.19419,6.6404817,-.0019045,.14401,145403.631,51.60327
37602,22799,"NV","Nevada",,.0190359,.1012742,.0208531,.0106457,.21802,6.1206467,-.010619,.1367162,147219.4393,52.95547
37603,24379,"CA","California",,.0055786,.1279997,.0278841,.0111392,.25181,5.6937831,,.2244351,182049.7143,47.48516
37604,453825,"NV","Nevada",5.193636,.0181325,.0990266,.0966342,.098821,.29114,6.0150263,.0004253,.2045173,206738.2784,46.35706
37700,603188,"CA","California",-2.333036,.0129247,.101039,.0735558,.0652106,.29689,7.5965701,,.2072582,330549.4813,45.07218
37800,4642561,"CA","California",.3393624,.0961999,.0905259,.2067153,.1095815,.25987,5.9170024,,.1934005,441687.3094,45.55038
37901,1568418,"NV","Nevada",1.762964,.078189,.1108936,.1376084,.1019547,.30997,5.3443613,,.2208697,179593.4256,44.37011
37902,5071,"NV","Nevada",,.0463419,.1521087,.2441145,.0150192,,6.2442882,,.2800718,79313.5,
37903,30798,"CA","California",.891149,.0023703,.1215626,.0599159,.0427028,.31073,7.2232208,,.2053053,251541.8466,47.78145
38000,2813833,"CA","California",1.075351,.0549027,.1243014,.1961513,.111764,.34423,5.4057198,,.2011157,302857.6,46.23363
38100,302387,"CA","California",-4.31026,.0273954,.2077316,.2225187,.0618074,.39557,5.5651388,,.2161581,122324.1267,46.90142
38200,646028,"CA","California",-.7980097,.0203211,.1376559,.1536005,.077187,.31324,5.717956,,.1825875,355787.3315,47.27047
38300,1.64e+07,"CA","California",-3.406261,.073222,.1562535,.2705799,.1205986,.38106,5.5317675,,.2040585,276003.0606,44.80198
38401,88546,"ID","Idaho",27.3925,.0019538,.1383261,.090258,.0326283,.28827,5.638938,.0169885,.203092,130262.0517,48.31499
38402,75675,"WA","Washington",28.95208,.0107301,.2144129,.0631424,.0770866,.26551,7.0789469,,.1588587,163843.3145,52.82691
38501,91126,"WA","Washington",8.529568,.0073854,.1754855,.1649971,.0213698,.29703,7.3361621,,.1710758,128953.4663,49.74507
38502,99219,"WA","Washington",-4.328419,.0017436,.1308227,.0632544,.0345691,.2946,6.2688244,,.1718412,191971.9521,48.2561
38601,608317,"WA","Washington",-.3960224,.0110403,.1241867,.0473711,.0767137,.31066,5.8429894,.0215115,.2116063,150593.1217,46.0993
38602,86890,"WA","Washington",.0446142,.0023133,.1865567,.2578548,.0230681,.31601,6.8284931,,.2019011,134516.4162,46.14017
38700,220580,"WA","Washington",7.161926,.0038716,.1443651,.0579895,.0386939,.29566,6.256623,-.0055256,.2269329,159279.4541,44.52383
38801,1842889,"OR","Oregon",2.033492,.0266869,.0949498,.1028136,.0746135,.26055,6.7043731,.02158,.1934347,228697.7612,44.72776
38802,65297,"OR","Oregon",2.828975,.0024044,.1460318,.0674136,.0172909,.28255,6.7441602,-.0006306,.186723,160596.7408,46.8976
38901,936387,"OR","Oregon",-1.066377,.0068433,.1313778,.0936739,.0580517,.28949,6.1839436,.0145336,.2051839,186066.9543,44.12202
38902,68741,"OR","Oregon",-5.15476,.0022548,.1300647,.0426603,.0112648,.33785,6.4715665,.0215954,.2416163,195924.2852,43.15344
39000,255943,"WA","Washington",4.857718,.0080838,.1966555,.2352095,.0688216,.34153,7.0258548,,.2125534,155177.7569,45.53331
39100,332609,"WA","Washington",-3.41246,.0113467,.1304558,.1583405,.0638673,.27647,6.6987443,.0070671,.1904044,148686.8137,47.87288
39201,41271,"OR","Oregon",16.14131,.0037314,.1415735,.0156446,.022092,.28891,6.1080872,-.015272,.2006606,119996.5598,50.7604
39202,7226,"OR","Oregon",,.0002768,.1399246,.0040748,.0019096,.25356,6.280112,-.0379888,.1770833,148362.9,51.73672
39203,153558,"OR","Oregon",3.794048,.0016671,.1020088,.1683031,.0389343,.32726,6.6375925,.0026138,.183762,186290.6603,44.76088
39204,3462,"OR","Oregon",,.0011554,.1196283,.0171189,.0035044,,9.2893553,,.1369863,92313.00413,
39205,7935,"OR","Oregon",,.0010082,.1368408,.0017528,.0022852,.26681,7.886875,-.0391882,.1945289,106240.1,51.81525
39301,14077,"WA","Washington",,.0024153,.0923851,.0098891,.012479,.19024,6.7661643,,.21875,388969.4,44.98003
39302,166814,"WA","Washington",6.623814,.0063844,.1421544,.0573263,.0462469,.29363,5.9120676,,.1948393,207548.1,46.93077
39303,90478,"WA","Washington",14.46749,.0068525,.1213768,.1224573,.0251375,.28536,6.6093126,,.2351483,193407.3813,45.66841
39400,3775744,"WA","Washington",4.571229,.0431878,.0875736,.1066874,.0825916,.23734,6.6040308,,.1945463,263767.1474,46.5257
